Fecha,0,1,2,3,4,5,6,7,8,9,10,11,12,13,14,15,16,17,18,19,20,21,22,23,Version
2019-01-01,318.423099,318.423099,318.423099,318.423099,308.923099,218.923099,153.923099,153.923099,195.131099,293.923099,318.423099,318.423099,318.423099,318.423099,318.423099,318.423099,318.423099,318.423099,318.423099,333.923099,333.923099,318.423099,318.423099,318.423099,TX4
2019-01-02,335.522884,323.022884,295.508884,262.022884,262.022884,292.231884,292.231884,335.522884,335.522884,335.522884,348.022884,348.022884,348.022884,348.022884,348.022884,348.022884,348.022884,348.022884,372.022884,393.022884,393.022884,353.022884,348.022884,348.022884,TX4
2019-01-03,329.347962,329.347962,329.347962,329.347962,329.347962,329.347962,329.347962,341.347962,376.347962,381.347962,381.347962,390.347962,401.347962,401.347962,401.347962,386.347962,381.347962,381.347962,390.347962,451.347962,401.347962,381.347962,381.347962,381.347962,TX4
2019-01-04,378.15036,378.15036,375.15036,350.15036,350.15036,378.15036,378.15036,380.88136,378.15036,378.15036,380.88136,380.88136,380.88136,380.88136,380.88136,380.88136,380.88136,380.88136,380.88136,380.88136,380.88136,380.88136,378.15036,344.05036,TX4
2019-01-05,348.38007,348.38007,348.38007,239.00707,254.43607,348.38007,348.38007,348.38007,348.38007,381.24907,401.64907,381.24907,381.24907,381.24907,381.24907,381.24907,379.64907,360.64907,381.24907,396.64907,381.24907,381.24907,381.24907,348.38007,TX4
2019-01-06,260.203088,260.203088,260.203088,260.203088,260.203088,260.203088,257.516088,260.203088,260.203088,260.203088,360.203088,369.734088,369.734088,369.734088,369.734088,369.734088,360.203088,260.203088,369.734088,369.734088,369.734088,369.734088,369.734088,260.203088,TX4
2019-01-07,369.712256,250.181256,250.181256,250.181256,250.181256,250.181256,250.181256,250.181256,250.181256,379.181256,369.712256,369.712256,369.712256,369.712256,369.712256,369.712256,369.712256,369.712256,400.181256,401.181256,400.181256,369.712256,369.712256,369.712256,TX4
2019-01-08,363.884296,310.153296,310.153296,310.153296,310.153296,310.153296,360.153296,363.884296,363.884296,369.553296,369.553296,380.153296,380.153296,380.153296,380.153296,380.153296,369.553296,363.884296,380.153296,380.153296,380.153296,369.553296,363.884296,363.884296,TX4
2019-01-09,257.499968,249.186968,249.186968,249.186968,249.186968,257.499968,280.186968,280.186968,280.186968,360.917968,360.917968,364.186968,364.186968,364.186968,364.186968,364.186968,360.917968,360.917968,380.086968,380.086968,380.086968,360.917968,360.917968,280.186968,TX4
2019-01-10,320.543234,320.543234,320.543234,320.543234,257.742234,320.543234,320.543234,320.543234,367.429234,377.429234,320.543234,320.543234,320.543234,320.543234,320.543234,320.543234,320.543234,320.543234,367.429234,367.429234,378.429234,320.543234,367.429234,320.543234,TX4
2019-01-11,309.728962,309.728962,309.728962,309.728962,309.728962,350.128962,350.128962,350.342962,350.342962,350.342962,350.342962,350.342962,350.342962,350.342962,350.342962,366.228962,350.342962,350.342962,367.228962,367.228962,366.228962,350.342962,350.128962,309.728962,TX4
2019-01-12,250.367973,250.367973,250.367973,250.367973,250.367973,255.367973,255.367973,310.367973,311.867973,311.867973,311.867973,311.867973,311.867973,311.867973,311.867973,311.867973,311.867973,311.867973,311.867973,320.667973,311.867973,311.867973,310.367973,256.746973,TX4
2019-01-13,245.074538,200.305538,200.305538,200.305538,200.305538,200.305538,227.074538,200.305538,200.305538,245.074538,245.074538,301.064538,312.174538,312.174538,301.064538,249.514538,245.074538,245.074538,312.174538,320.974538,312.174538,312.174538,312.174538,245.074538,TX4
2019-01-14,230.719678,185.719678,185.719678,185.719678,185.719678,230.719678,261.166678,261.166678,267.719678,295.709678,300.719678,300.819678,300.819678,300.819678,300.819678,300.819678,300.819678,300.819678,300.819678,311.719678,300.819678,300.819678,267.719678,261.166678,TX4
2019-01-15,250.613045,250.913045,185.613045,185.613045,192.225045,250.613045,250.613045,250.913045,250.913045,255.992045,271.268045,270.656045,270.656045,270.656045,271.268045,271.268045,270.656045,250.913045,270.656045,271.268045,270.656045,270.656045,250.913045,250.913045,TX4
2019-01-16,150.949704,150.949704,150.949704,150.949704,150.949704,150.949704,167.635704,240.949704,248.180704,248.180704,248.180704,248.180704,248.180704,248.180704,250.849704,250.849704,248.180704,248.180704,248.180704,248.180704,248.180704,248.180704,250.849704,239.949704,TX4
2019-01-17,236.022383,231.022383,231.022383,231.022383,231.022383,249.022383,249.022383,236.022383,249.022383,249.022383,249.022383,249.022383,249.022383,249.022383,249.022383,249.022383,249.022383,249.022383,249.022383,249.022383,249.022383,249.022383,249.022383,231.022383,TX4
2019-01-18,151.902941,151.902941,151.902941,151.902941,200.874941,221.902941,221.902941,231.016941,235.902941,235.902941,235.902941,235.902941,235.902941,235.902941,235.902941,235.902941,235.902941,231.016941,235.902941,235.902941,235.902941,235.902941,231.016941,221.902941,TX4
2019-01-19,152.361529,152.361529,152.361529,152.361529,152.361529,192.361529,192.361529,192.361529,192.361529,192.361529,193.361529,226.475529,226.475529,193.361529,192.361529,192.361529,192.361529,192.361529,226.475529,226.475529,226.475529,192.361529,192.361529,192.361529,TX4
2019-01-20,165.087415,151.067415,150.087415,150.087415,150.087415,165.087415,151.067415,165.087415,165.087415,165.087415,165.087415,165.087415,165.087415,165.087415,165.087415,165.087415,165.087415,165.087415,200.087415,205.087415,205.087415,200.087415,190.087415,165.087415,TX4
2019-01-21,186.995172,186.995172,182.995172,182.995172,182.995172,189.109172,186.995172,189.109172,201.995172,202.995172,202.995172,202.995172,202.995172,202.995172,202.995172,202.995172,202.995172,202.995172,202.995172,202.995172,202.995172,202.995172,189.109172,186.995172,TX4
2019-01-22,142.579368,145.059368,142.579368,142.579368,148.559368,187.693368,187.693368,192.579368,197.579368,268.579368,252.579368,262.579368,262.579368,262.579368,268.579368,268.579368,262.579368,252.579368,268.579368,268.579368,252.579368,205.363368,192.579368,187.693368,TX4
2019-01-23,190.375794,200.275794,200.275794,200.275794,190.375794,220.375794,200.275794,125.375794,200.275794,200.275794,250.375794,250.375794,250.375794,250.375794,266.375794,266.375794,250.375794,250.375794,266.375794,270.375794,270.375794,250.375794,190.375794,125.375794,TX4
2019-01-24,267.816547,241.816547,241.816547,241.816547,241.816547,267.816547,276.816547,241.816547,267.816547,351.816547,351.816547,351.816547,351.816547,351.816547,351.816547,351.816547,296.399547,241.816547,276.816547,351.816547,288.167547,267.816547,267.816547,241.816547,TX4
2019-01-25,301.338381,301.338381,301.338381,275.462381,301.338381,301.338381,341.338381,301.338381,341.338381,341.338381,341.338381,341.338381,341.338381,341.338381,341.338381,341.338381,341.338381,341.338381,341.338381,341.338381,341.338381,341.338381,341.338381,301.338381,TX4
2019-01-26,260.871336,245.477336,198.871336,198.871336,198.871336,199.366336,199.366336,315.871336,315.871336,315.871336,315.871336,315.871336,315.871336,315.871336,315.871336,315.871336,315.871336,315.871336,315.871336,315.871336,315.871336,315.871336,315.871336,315.871336,TX4
2019-01-27,190.562599,190.562599,185.562599,185.562599,185.562599,185.562599,150.562599,185.562599,190.562599,190.656599,242.562599,265.562599,321.562599,321.562599,270.562599,265.562599,250.440599,242.562599,321.562599,321.562599,321.562599,321.562599,270.562599,190.562599,TX4
2019-01-28,275.527944,275.527944,263.527944,263.527944,263.527944,290.527944,280.527944,321.527944,321.527944,321.527944,321.527944,350.527944,321.527944,321.527944,321.527944,321.527944,321.527944,321.527944,321.527944,321.527944,321.527944,321.527944,309.527944,275.527944,TX4
2019-01-29,305.013913,263.224913,191.107913,182.998913,274.013913,286.013913,286.013913,306.425913,312.013913,312.013913,312.013913,320.013913,312.013913,320.013913,320.013913,320.013913,320.013913,312.013913,320.013913,320.013913,320.013913,312.013913,312.013913,286.013913,TX4
2019-01-30,220.799377,220.799377,220.799377,215.402377,220.799377,265.799377,265.799377,283.799377,284.799377,310.799377,348.799377,348.799377,310.799377,350.299377,348.799377,348.799377,350.299377,300.799377,348.799377,348.799377,348.799377,348.799377,284.799377,265.799377,TX4
2019-01-31,263.535174,263.535174,263.535174,263.535174,263.535174,285.535174,299.535174,310.535174,330.535174,299.535174,338.535174,338.535174,338.535174,338.535174,338.535174,338.535174,338.535174,310.535174,338.535174,338.535174,338.535174,338.535174,310.535174,299.535174,TX4
2019-02-01,300.422945,295.422945,295.422945,295.422945,297.422945,300.422945,300.422945,300.422945,300.422945,300.422945,300.422945,309.922945,309.922945,309.922945,337.922945,337.922945,337.922945,300.422945,337.922945,337.922945,337.922945,309.922945,300.422945,300.422945,TX3
2019-02-02,253.662551,253.662551,253.662551,253.662551,253.662551,253.662551,253.662551,281.662551,277.662551,277.662551,281.662551,302.661551,297.662551,281.662551,277.662551,277.662551,277.662551,277.662551,297.662551,307.462551,302.661551,277.662551,277.662551,267.702551,TX3
2019-02-03,276.035365,253.035365,253.035365,253.035365,253.035365,253.035365,187.035365,199.857365,269.574365,286.035365,286.035365,286.035365,286.035365,286.035365,286.035365,286.035365,286.035365,286.035365,339.035365,339.035365,339.035365,339.035365,286.035365,286.035365,TX3
2019-02-04,267.727601,189.695601,157.188601,157.188601,267.727601,284.188601,284.188601,284.188601,284.188601,306.188601,306.188601,342.188601,306.188601,342.188601,342.188601,342.188601,306.188601,306.188601,342.188601,352.188601,352.188601,306.188601,284.188601,282.188601,TX3
2019-02-05,267.570311,267.570311,176.614311,151.570311,267.570311,286.570311,286.570311,286.570311,286.570311,286.570311,377.570311,500.570311,286.570311,286.570311,377.570311,377.570311,286.570311,286.570311,377.570311,377.570311,376.570311,286.570311,286.570311,267.570311,TX3
2019-02-06,245.458621,245.458621,245.458621,245.458621,245.458621,286.458621,286.458621,294.572621,294.572621,350.458621,350.458621,350.458621,350.458621,350.458621,350.458621,350.458621,350.458621,350.458621,350.458621,350.458621,350.458621,350.458621,294.572621,265.457621,TX3
2019-02-07,232.594275,232.594275,232.594275,232.594275,232.594275,272.593275,277.593275,280.594275,280.594275,280.594275,280.594275,283.594275,280.594275,283.594275,283.594275,283.594275,280.594275,280.594275,283.594275,332.594275,283.594275,280.594275,280.594275,272.593275,TX3
2019-02-08,242.207024,242.207024,242.207024,242.207024,242.207024,267.206024,267.206024,277.206024,283.207024,342.207024,342.207024,283.207024,242.207024,267.206024,277.206024,277.206024,267.206024,242.207024,277.206024,283.207024,267.206024,242.207024,242.207024,219.207024,TX3
2019-02-09,271.436081,271.436081,270.313081,270.313081,270.313081,271.436081,271.436081,271.436081,271.436081,271.436081,281.312081,291.313081,291.313081,281.312081,281.312081,274.343081,271.436081,271.436081,281.312081,291.313081,291.313081,274.343081,271.436081,270.313081,TX3
2019-02-10,271.06728,271.06728,271.06728,184.59828,198.39428,201.07428,180.56728,217.56728,273.56728,273.56728,273.56728,273.56728,273.56728,289.56528,289.56628,273.56728,273.56728,273.56728,289.69928,301.56728,301.56728,289.69928,289.56628,271.06728,TX3
2019-02-11,220.77763,220.77763,220.77763,220.77763,220.77763,220.77763,220.77763,231.77763,260.77763,260.77763,265.77763,265.77763,265.77763,265.77763,265.77763,265.77763,265.77763,265.77763,265.77763,265.77763,265.77763,265.77763,230.77763,220.77763,TX3
2019-02-12,222.675371,196.675371,196.675371,196.675371,199.644371,246.675371,246.675371,246.675371,256.675371,256.675371,264.202371,264.202371,264.202371,264.202371,264.202371,264.202371,264.202371,256.675371,264.202371,264.202371,264.202371,260.674371,246.675371,246.675371,TX3
2019-02-13,211.345413,195.345413,195.345413,195.345413,195.345413,225.345413,225.345413,225.345413,235.345413,270.459413,270.459413,270.459413,270.459413,270.459413,294.345413,294.345413,270.459413,270.459413,270.459413,294.345413,272.344413,270.459413,235.345413,225.345413,TX3
2019-02-14,197.083818,188.083818,188.083818,188.083818,188.083818,212.083818,212.083818,217.083818,217.083818,296.083818,296.083818,296.083818,296.083818,296.083818,296.083818,296.083818,296.083818,296.083818,296.083818,296.083818,296.083818,296.083818,296.083818,217.083818,TX3
2019-02-15,175.56716,175.56716,175.56716,175.56716,175.56716,230.56716,230.56716,245.56716,290.56716,305.37316,380.56716,450.56716,380.56716,380.56716,450.56716,450.56716,450.56716,380.56716,450.56716,510.56716,450.56716,380.56716,290.56716,245.56716,TX3
2019-02-16,244.639841,240.139841,231.139841,231.139841,231.139841,240.139841,231.139841,249.139841,249.139841,249.139841,293.380841,380.139841,380.139841,450.139841,259.639841,249.139841,249.139841,249.139841,259.639841,380.139841,293.380841,249.139841,249.139841,240.139841,TX3
2019-02-17,249.241572,249.241572,245.952572,245.952572,245.952572,245.952572,245.952572,245.952572,249.241572,249.241572,249.241572,259.882572,259.882572,259.882572,249.241572,249.241572,249.241572,249.241572,259.882572,360.241572,300.191572,259.882572,249.241572,249.241572,TX3
2019-02-18,268.63639,268.63639,265.63639,265.63639,268.63639,361.63639,361.63639,361.63639,361.63639,361.63639,362.63639,362.63639,361.63639,362.63639,362.63639,362.63639,362.63639,361.63639,362.63639,380.63639,380.63639,361.63639,293.87739,265.63639,TX3
2019-02-19,360.265614,360.265614,291.265614,291.265614,372.265614,362.786614,362.786614,362.786614,360.265614,372.265614,380.265614,393.265614,451.265614,393.265614,393.265614,393.265614,393.265614,372.265614,380.265614,393.265614,380.265614,372.265614,362.786614,360.265614,TX3
2019-02-20,226.452899,226.452899,226.452899,226.452899,226.452899,381.683899,381.683899,369.452899,226.452899,392.452899,392.452899,398.452899,392.452899,451.452899,398.452899,398.452899,381.683899,381.683899,392.452899,398.452899,398.452899,381.683899,381.683899,371.452899,TX3
2019-02-21,283.256436,283.256436,283.256436,283.256436,283.256436,293.256436,293.256436,293.256436,384.556436,384.556436,384.556436,384.556436,384.556436,390.256436,390.256436,390.256436,390.256436,383.256436,384.556436,384.556436,384.556436,384.556436,371.256436,283.256436,TX3
2019-02-22,369.612901,351.612901,351.612901,351.612901,351.612901,376.712901,376.712901,351.612901,369.612901,376.712901,376.712901,388.612901,391.612901,388.612901,391.612901,391.612901,388.612901,391.612901,391.612901,406.612901,391.612901,391.612901,376.712901,351.612901,TX3
2019-02-23,367.175977,349.175977,349.175977,349.175977,349.175977,349.175977,349.175977,349.175977,376.175977,398.289977,398.289977,398.289977,398.289977,398.289977,398.289977,398.289977,377.175977,376.175977,398.289977,419.175977,398.289977,398.289977,367.175977,367.175977,TX3
2019-02-24,337.794767,337.794767,352.794767,272.794767,272.794767,307.242767,220.794767,245.957767,272.794767,307.242767,337.794767,352.794767,352.794767,352.794767,337.794767,307.242767,272.794767,272.794767,352.794767,423.094767,423.094767,352.794767,337.794767,337.794767,TX3
2019-02-25,274.699567,232.612567,232.612567,232.612567,232.612567,362.612567,362.612567,362.612567,362.612567,372.612567,372.612567,421.612567,421.612567,421.612567,422.612567,422.612567,421.612567,372.612567,422.612567,433.312567,422.612567,372.612567,362.612567,362.612567,TX3
2019-02-26,147.493865,177.524865,149.838865,150.067865,261.333865,278.544865,278.544865,278.544865,278.544865,343.544865,343.544865,343.544865,343.544865,343.544865,343.544865,343.544865,343.544865,343.544865,343.544865,343.544865,343.544865,343.544865,278.544865,264.804865,TX3
2019-02-27,286.032598,286.032598,286.032598,286.032598,286.032598,331.032598,331.032598,341.732598,341.732598,341.732598,341.732598,341.732598,351.032598,351.032598,376.032598,376.032598,401.022598,341.732598,376.032598,376.032598,401.012598,341.732598,331.032598,297.632598,TX3
2019-02-28,257.932001,217.143001,217.143001,198.074001,216.628001,261.143001,261.143001,261.143001,341.141001,356.143001,356.143001,356.143001,356.143001,356.143001,461.143001,356.143001,356.143001,356.143001,356.143001,375.143001,356.143001,356.143001,261.143001,217.143001,TX3
2019-03-01,262.380947,248.380947,248.380947,248.380947,262.380947,262.380947,262.380947,262.380947,353.380947,353.380947,357.494947,357.494947,357.494947,357.494947,357.494947,357.494947,357.494947,357.494947,357.494947,357.494947,357.494947,357.494947,353.380947,262.380947,TX4
2019-03-02,339.086894,278.086894,278.086894,278.086894,278.086894,338.843894,278.086894,339.086894,354.200894,353.086894,353.086894,353.086894,353.086894,353.086894,353.086894,353.086894,341.086894,341.086894,353.086894,353.086894,353.086894,353.086894,339.086894,338.843894,TX4
2019-03-03,277.414395,277.414395,277.414395,277.414395,277.414395,277.414395,276.914395,277.414395,282.414395,282.414395,302.414395,302.414395,302.414395,302.414395,302.414395,302.414395,302.414395,302.414395,302.414395,353.528395,353.528395,302.414395,302.414395,302.414395,TX4
2019-03-04,258.613367,258.613367,222.557367,222.557367,282.557367,304.557367,304.557367,317.671367,317.671367,331.557367,362.557367,362.557367,362.557367,362.557367,362.557367,362.557367,362.557367,331.557367,362.557367,362.557367,362.557367,331.557367,317.671367,304.557367,TX4
2019-03-05,307.799893,307.799893,258.855893,258.855893,307.799893,322.799893,322.799893,322.799893,322.799893,322.799893,322.799893,322.799893,322.799893,322.799893,338.799893,338.799893,322.799893,322.799893,322.799893,345.799893,338.799893,322.799893,322.799893,307.799893,TX4
2019-03-06,318.997692,323.997692,300.997692,300.997692,300.997692,318.997692,318.997692,318.997692,323.997692,323.997692,323.997692,325.111692,323.997692,323.997692,325.111692,325.111692,323.997692,323.997692,325.111692,353.997692,325.111692,325.111692,318.997692,300.997692,TX4
2019-03-07,273.949488,273.949488,273.949488,273.949488,273.949488,307.599488,311.599488,314.099488,314.099488,314.099488,322.830488,322.830488,322.830488,322.830488,322.830488,322.830488,322.830488,314.099488,322.830488,322.830488,322.830488,322.830488,314.099488,273.949488,TX4
2019-03-08,271.947761,271.947761,271.947761,271.947761,271.947761,271.947761,271.947761,304.391761,304.391761,304.391761,313.491761,317.690761,317.690761,362.391761,362.391761,362.391761,317.690761,304.391761,347.391761,362.391761,347.391761,313.491761,304.391761,271.947761,TX4
2019-03-09,295.501999,267.501999,257.408999,267.501999,267.501999,267.501999,267.501999,295.501999,295.501999,302.712999,302.712999,303.501999,303.501999,303.501999,303.501999,302.712999,302.712999,300.501999,303.501999,303.501999,303.501999,303.501999,295.501999,295.501999,TX4
2019-03-10,292.52414,252.52414,252.52414,252.52414,252.52414,252.52414,232.05414,252.52414,252.52414,287.52414,287.52414,287.52414,287.52414,287.52414,287.52414,287.52414,292.52414,253.41714,287.52414,292.52414,292.52414,287.52414,287.52414,252.52414,TX4
2019-03-11,272.740319,272.740319,202.188319,173.720319,175.720319,272.740319,272.740319,301.395319,290.462319,290.462319,290.462319,301.395319,298.740319,301.395319,302.681319,302.681319,301.395319,290.462319,302.681319,302.681319,301.395319,290.462319,290.462319,272.740319,TX4
2019-03-12,276.656388,202.110388,202.110388,202.110388,202.110388,276.656388,276.656388,276.656388,297.456388,292.456388,292.456388,297.456388,292.456388,292.456388,297.456388,297.456388,292.456388,292.456388,297.456388,297.456388,297.456388,297.456388,297.456388,276.656388,TX4
2019-03-13,195.369571,195.369571,176.349571,189.141571,195.369571,195.369571,195.369571,195.369571,262.369571,277.370571,282.369571,292.369571,282.369571,282.369571,292.369571,306.369571,292.369571,282.369571,292.369571,306.369571,306.369571,282.369571,277.370571,275.369571,TX4
2019-03-14,195.610433,195.610433,195.610433,195.610433,195.610433,198.610433,198.610433,208.904433,253.610433,253.610433,253.610433,253.610433,253.610433,253.610433,272.610433,253.610433,253.610433,253.610433,273.610433,282.610433,282.610433,253.610433,253.610433,252.610433,TX4
2019-03-15,176.659159,176.659159,176.659159,176.659159,176.659159,213.659159,213.659159,213.659159,213.659159,213.659159,240.659159,240.659159,240.659159,240.659159,252.159159,240.659159,286.659159,240.659159,286.659159,343.659159,298.659159,286.659159,213.659159,213.659159,TX4
2019-03-16,212.096961,212.096961,212.096961,210.096961,212.096961,212.096961,213.096961,236.096961,276.096961,293.096961,293.096961,293.096961,293.096961,293.096961,293.096961,293.096961,276.096961,276.096961,293.096961,293.096961,293.096961,276.096961,236.096961,236.096961,TX4
2019-03-17,196.267923,196.267923,182.267923,182.267923,180.314923,182.267923,174.267923,182.267923,196.267923,225.118923,223.267923,223.267923,223.267923,223.267923,223.267923,223.267923,223.267923,223.267923,263.267923,263.267923,263.267923,263.267923,223.267923,223.267923,TX4
2019-03-18,223.775194,223.775194,209.875194,209.875194,223.775194,223.775194,223.775194,277.875194,282.875194,282.875194,282.875194,282.875194,282.875194,315.875194,315.875194,315.875194,315.875194,305.875194,297.875194,305.875194,297.875194,282.875194,273.875194,272.875194,TX4
2019-03-19,276.747209,276.747209,240.247209,240.247209,276.747209,276.747209,276.747209,293.247209,293.247209,293.247209,298.247209,306.247209,298.247209,306.247209,293.247209,293.247209,293.247209,278.247209,293.247209,293.247209,293.247209,293.247209,278.247209,276.747209,TX4
2019-03-20,211.716254,211.716254,211.716254,211.716254,211.716254,219.716254,219.716254,219.716254,252.616254,273.645254,292.716254,292.716254,292.716254,292.716254,292.716254,305.716254,292.716254,292.716254,305.716254,308.716254,305.716254,292.716254,292.716254,242.737254,TX4
2019-03-21,203.661092,193.661092,193.661092,193.661092,203.661092,277.231092,261.661092,273.590092,287.661092,287.661092,292.561092,302.660092,292.561092,302.660092,305.661092,302.660092,287.661092,250.661092,287.661092,287.661092,287.661092,277.231092,250.661092,203.661092,TX4
2019-03-22,172.794898,172.694898,172.694898,172.694898,172.694898,203.794898,203.794898,287.794898,287.794898,287.794898,287.794898,287.794898,287.794898,287.794898,287.794898,287.794898,287.794898,282.793898,287.794898,287.794898,287.794898,277.416898,242.815898,202.794898,TX4
2019-03-23,153.040953,153.040953,153.040953,153.040953,153.040953,153.040953,153.040953,180.088953,213.041953,213.041953,213.041953,253.041953,253.041953,213.041953,213.041953,213.041953,213.041953,213.041953,253.041953,277.916953,277.541953,213.041953,213.041953,212.959953,TX4
2019-03-24,157.90831,157.90831,157.90831,157.90831,157.90831,75.92231,75.92131,75.92231,157.90831,157.90831,178.88831,178.88831,183.38831,253.78331,253.78331,253.78331,157.90831,178.88831,253.78331,267.90831,267.90831,253.78331,253.78331,157.90831,TX4
2019-03-25,178.201172,159.221172,159.221172,159.221172,159.221172,159.221172,159.221172,159.221172,159.221172,242.096172,242.096172,243.221172,243.221172,243.221172,243.221172,243.221172,243.221172,242.096172,245.221172,245.221172,245.221172,245.221172,243.221172,242.096172,TX4
2019-03-26,163.932287,164.932287,164.932287,163.932287,163.932287,241.931287,241.931287,244.932287,244.932287,244.932287,248.807287,318.932287,248.807287,304.932287,304.932287,304.932287,304.932287,248.807287,304.932287,304.932287,304.932287,248.807287,244.932287,244.932287,TX4
2019-03-27,168.015717,179.995717,168.015717,168.015717,175.495717,184.862717,184.862717,260.015717,260.015717,260.015717,260.015717,307.015717,307.015717,307.015717,308.015717,307.015717,307.015717,260.015717,260.015717,307.015717,260.015717,260.015717,260.015717,184.862717,TX4
2019-03-28,167.57524,166.57524,166.57524,167.57524,167.57524,184.42224,179.55524,244.57524,244.57524,244.57524,247.57524,253.57424,253.57424,253.57424,253.57424,253.57424,253.57424,244.57524,253.57424,306.57524,253.57424,244.57524,247.57524,184.42224,TX4
2019-03-29,183.594532,183.594532,174.594532,174.594532,174.594532,183.594532,183.594532,231.594532,238.594532,238.594532,238.594532,262.594532,238.594532,238.594532,238.594532,262.594532,262.594532,238.594532,262.594532,262.594532,262.594532,238.594532,224.445532,183.594532,TX4
2019-03-30,182.783083,182.623083,182.783083,182.623083,182.783083,182.783083,182.783083,202.783083,202.783083,202.783083,253.783083,253.783083,253.783083,253.783083,202.783083,202.783083,202.783083,202.783083,253.783083,253.783083,253.783083,202.783083,202.783083,202.783083,TX4
2019-03-31,182.092667,182.092667,182.092667,182.092667,182.092667,201.092667,177.072667,182.092667,201.092667,201.092667,203.092667,203.092667,203.092667,203.092667,203.092667,203.092667,203.092667,203.092667,253.091667,254.092667,254.092667,254.092667,203.092667,203.092667,TX4
2019-04-01,207.285713,189.285713,189.285713,186.285713,189.285713,226.284713,255.284713,246.285713,246.285713,246.285713,246.285713,246.285713,246.285713,255.284713,257.285713,257.285713,246.285713,246.285713,257.285713,257.285713,257.285713,246.285713,246.285713,226.284713,TX5
2019-04-02,244.208095,244.208095,244.208095,239.208095,244.208095,244.208095,244.708095,253.208095,253.208095,253.208095,254.207095,260.208095,253.208095,254.207095,297.208095,297.208095,253.208095,253.208095,254.207095,260.208095,260.208095,253.208095,244.708095,244.208095,TX5
2019-04-03,126.356661,126.356661,126.356661,126.356661,189.356661,252.356661,255.355661,252.356661,252.356661,252.356661,260.356661,260.356661,252.356661,260.356661,260.356661,260.356661,260.356661,252.356661,260.356661,260.356661,260.356661,252.356661,252.356661,245.856661,TX5
2019-04-04,162.676244,175.593244,162.676244,162.676244,177.673244,243.593244,243.593244,243.593244,245.093244,245.593244,245.593244,245.593244,245.593244,245.593244,250.592244,245.593244,245.593244,245.093244,245.593244,245.593244,245.593244,245.593244,245.093244,243.593244,TX5
2019-04-05,200.540557,163.623557,163.623557,151.540557,200.540557,200.540557,245.440557,235.640557,235.640557,239.540557,245.440557,298.540557,298.040557,245.440557,298.540557,298.540557,298.040557,239.540557,245.440557,298.040557,245.440557,241.440557,235.640557,235.640557,TX5
2019-04-06,200.285258,200.285258,200.285258,200.285258,200.285258,200.285258,200.285258,200.285258,226.285258,226.385258,226.385258,226.385258,226.385258,226.385258,226.385258,226.385258,226.385258,226.285258,226.385258,226.385258,226.385258,226.385258,220.285258,200.285258,TX5
2019-04-07,225.976049,225.976049,225.876049,219.876049,202.876049,202.876049,147.876049,202.876049,219.876049,225.876049,225.976049,225.976049,226.876049,226.876049,226.876049,226.876049,225.976049,225.976049,226.876049,226.876049,226.876049,226.876049,235.876049,225.976049,TX5
2019-04-08,125.263201,177.343201,125.263201,125.263201,177.343201,197.763201,197.763201,197.763201,208.263201,238.963201,238.963201,255.263201,238.963201,238.963201,238.963201,238.963201,238.963201,238.963201,255.263201,265.363201,255.263201,238.963201,197.763201,197.763201,TX5
2019-04-09,186.902501,186.902501,186.902501,186.902501,186.902501,193.902501,193.902501,194.002501,194.002501,197.902501,223.602501,223.602501,223.602501,223.602501,223.602501,223.602501,223.602501,223.602501,223.602501,234.902501,223.602501,223.602501,194.002501,197.902501,TX5
2019-04-10,178.322504,178.322504,178.322504,178.322504,178.322504,192.136504,192.136504,226.022504,226.022504,226.022504,295.422504,321.022504,295.422504,295.422504,325.022504,295.422504,295.422504,226.022504,295.422504,321.022504,295.422504,250.022504,226.022504,192.136504,TX5
2019-04-11,236.053449,236.053449,236.053449,216.053449,236.053449,236.053449,236.053449,236.053449,269.601449,266.053449,286.053449,286.053449,286.053449,286.053449,302.053449,286.053449,286.053449,269.601449,302.053449,291.053449,302.053449,286.053449,266.053449,236.053449,TX5
2019-04-12,189.233942,189.233942,181.233942,181.233942,189.233942,189.233942,189.233942,189.233942,231.233942,246.347942,256.233942,256.233942,256.233942,322.233942,289.233942,289.233942,256.233942,246.347942,289.233942,289.233942,289.233942,246.347942,256.233942,189.233942,TX5
2019-04-13,195.179158,195.179158,195.179158,195.179158,195.179158,205.065158,195.179158,210.065158,255.065158,244.865158,244.865158,255.065158,255.065158,244.865158,244.865158,244.865158,244.865158,211.565158,211.565158,211.565158,210.065158,210.065158,195.179158,195.179158,TX5
2019-04-14,198.236953,198.236953,198.236953,198.236953,198.236953,198.236953,198.236953,198.236953,198.236953,198.236953,198.236953,198.236953,202.246953,198.236953,198.236953,198.236953,198.236953,198.236953,206.246953,206.246953,206.246953,206.246953,202.246953,198.236953,TX5
2019-04-15,125.141539,175.640539,177.221539,179.121539,195.131539,195.131539,195.131539,195.131539,125.141539,177.221539,260.255539,260.255539,260.255539,260.255539,260.255539,260.255539,260.255539,260.255539,260.255539,260.255539,260.255539,260.255539,195.131539,195.131539,TX5
2019-04-16,184.869864,184.869864,184.869864,180.370864,184.869864,184.869864,180.370864,184.869864,184.869864,189.869864,219.869864,269.983864,269.983864,269.983864,269.983864,269.983864,219.869864,184.869864,219.869864,269.983864,219.869864,219.869864,184.869864,184.869864,TX5
2019-04-17,116.07545,116.07545,116.07545,101.07545,101.07545,116.07545,116.07545,179.07545,179.07545,179.07545,185.18945,185.18945,185.18945,185.18945,185.18945,185.18945,185.18945,179.07545,185.18945,185.18945,179.07545,179.07545,179.07545,179.07545,TX5
2019-04-18,164.99373,164.99373,164.99373,164.99373,164.99373,164.99373,164.99373,164.99373,164.99373,164.99373,164.99373,164.99373,164.99373,179.99373,164.99373,164.99373,164.99373,164.99373,184.10773,184.10773,184.10773,184.10773,179.99373,164.99373,TX5
2019-04-19,103.829531,96.985531,96.985531,96.985531,96.985531,96.985531,96.985531,88.985531,96.985531,156.985531,196.099531,196.099531,196.099531,196.099531,196.099531,196.099531,196.099531,196.099531,196.099531,206.985531,206.985531,206.985531,196.099531,196.099531,TX5
2019-04-20,78.648845,78.648845,78.648845,78.648845,78.648845,106.648845,106.648845,106.648845,106.648845,106.648845,106.648845,185.762845,185.762845,185.762845,185.762845,106.648845,106.648845,106.648845,185.762845,185.762845,185.762845,106.648845,106.648845,106.648845,TX5
2019-04-21,95.655141,95.655141,95.655141,95.655141,95.655141,95.655141,95.655141,95.655141,95.655141,95.655141,96.655141,96.655141,106.655141,96.655141,96.655141,96.655141,95.655141,95.655141,106.655141,185.655141,200.655141,96.655141,96.655141,106.655141,TX5
2019-04-22,95.946151,95.946151,95.946151,95.946151,95.946151,124.946151,124.946151,184.060151,209.946151,209.946151,209.946151,209.946151,209.946151,209.946151,209.946151,209.946151,209.946151,209.946151,209.946151,209.946151,209.946151,209.946151,184.060151,124.946151,TX5
2019-04-23,95.232227,95.232227,95.232227,95.232227,95.232227,96.232227,96.232227,211.232227,211.232227,211.232227,235.232227,265.232227,235.232227,235.232227,265.232227,235.232227,235.232227,211.232227,235.232227,235.232227,235.232227,235.232227,211.232227,96.232227,TX5
2019-04-24,100.631234,100.631234,76.631234,76.631234,95.631234,95.631234,95.631234,95.631234,95.631234,100.631234,165.611234,150.631234,150.631234,150.631234,211.631234,211.631234,211.631234,95.631234,211.631234,321.631234,165.611234,150.631234,95.631234,95.631234,TX5
2019-04-25,79.483809,79.483809,79.504809,79.547809,93.483809,93.483809,91.483809,93.483809,138.483809,140.483809,140.483809,190.483809,190.483809,214.483809,258.483809,324.483809,190.483809,123.483809,140.483809,214.483809,214.483809,190.483809,123.483809,147.450809,TX5
2019-04-26,77.529126,77.529126,76.948126,76.948126,76.948126,84.529126,84.529126,116.529126,116.529126,121.529126,135.529126,135.529126,135.529126,135.529126,135.529126,135.529126,135.529126,116.529126,135.529126,135.529126,135.529126,116.529126,90.529126,84.529126,TX5
2019-04-27,126.903277,126.903277,126.903277,126.903277,126.903277,126.903277,126.903277,126.903277,126.903277,126.903277,146.903277,146.903277,146.903277,146.903277,146.903277,126.903277,126.903277,126.903277,146.903277,146.903277,146.903277,146.903277,126.903277,126.903277,TX5
2019-04-28,121.473173,121.473173,121.473173,121.473173,121.473173,121.473173,121.473173,121.473173,121.473173,121.473173,127.973173,127.973173,127.973173,127.973173,127.973173,121.473173,121.473173,121.473173,127.973173,127.973173,127.973173,127.973173,127.973173,127.973173,TX5
2019-04-29,119.804095,119.804095,119.804095,119.804095,119.804095,119.804095,120.304095,120.304095,128.304095,145.804095,145.804095,164.804095,164.804095,164.804095,211.304095,211.304095,211.304095,164.804095,211.304095,212.304095,211.304095,164.804095,120.304095,120.304095,TX5
2019-04-30,113.279913,113.279913,113.279913,113.279913,113.279913,113.279913,113.279913,160.279913,160.779913,160.779913,211.279913,213.279913,211.279913,160.779913,160.779913,160.779913,160.779913,160.779913,160.779913,160.779913,160.779913,160.779913,160.279913,113.279913,TX5
2019-05-01,132.346893,132.346893,119.346893,119.346893,119.346893,132.346893,119.346893,119.346893,119.346893,119.346893,133.346893,133.846893,160.460893,160.460893,160.460893,133.346893,132.346893,119.346893,133.846893,160.460893,160.460893,160.460893,133.346893,132.346893,TX3
2019-05-02,135.305181,135.305181,135.305181,135.305181,135.305181,135.305181,139.604181,201.170181,210.805181,210.805181,210.805181,210.805181,210.805181,210.805181,210.805181,210.805181,210.805181,210.805181,210.805181,212.305181,210.805181,210.805181,212.305181,139.604181,TX3
2019-05-03,206.882021,253.882021,204.996021,204.996021,204.996021,206.882021,206.882021,208.882021,208.882021,210.882021,208.882021,208.882021,208.882021,208.882021,210.882021,208.882021,206.882021,206.882021,208.882021,208.882021,206.882021,206.882021,208.882021,206.882021,TX3
2019-05-04,205.55103,202.65103,190.14203,190.14203,205.55103,205.55103,205.55103,253.65103,223.65103,223.65103,223.65103,223.65103,223.65103,223.65103,223.65103,223.65103,223.65103,223.65103,223.65103,253.65103,223.65103,223.65103,223.65103,207.65103,TX3
2019-05-05,211.663571,211.663571,211.663571,211.663571,211.663571,173.663571,168.663571,173.663571,211.663571,211.663571,211.663571,211.663571,228.663571,228.663571,228.663571,211.663571,211.663571,211.663571,228.663571,228.663571,228.663571,228.663571,228.663571,211.663571,TX3
2019-05-06,229.04607,229.04607,229.04607,229.04607,229.04607,229.04607,237.48607,267.94607,279.04607,279.04607,279.04607,279.04607,279.04607,279.04607,289.04607,289.04607,279.04607,279.04607,289.04607,289.04607,289.04607,279.04607,279.04607,267.94607,TX3
2019-05-07,256.931393,256.931393,238.591393,238.591393,256.931393,263.491393,263.491393,276.591393,276.591393,286.591393,286.591393,286.591393,286.591393,286.591393,295.591393,286.591393,286.591393,276.591393,286.591393,295.591393,286.591393,285.591393,276.591393,263.491393,TX3
2019-05-08,260.743798,260.743798,255.643798,255.643798,260.743798,272.743798,272.743798,288.743798,288.743798,288.743798,288.743798,288.743798,288.743798,288.743798,288.743798,288.743798,288.743798,288.743798,288.743798,295.743798,288.743798,288.743798,288.743798,260.743798,TX3
2019-05-09,275.151022,275.151022,272.152022,269.152022,275.151022,288.152022,289.503022,289.503022,290.152022,290.152022,303.152022,308.152022,308.152022,308.152022,308.152022,308.152022,303.152022,290.152022,308.152022,308.152022,308.152022,291.014022,289.503022,288.152022,TX3
2019-05-10,175.070868,175.070868,175.070868,163.070868,175.070868,254.070868,254.070868,271.570868,271.570868,271.570868,271.570868,271.570868,271.570868,271.570868,271.570868,271.570868,271.570868,271.570868,271.570868,285.070868,271.570868,271.570868,271.570868,208.322868,TX3
2019-05-11,134.790492,142.790492,134.790492,134.790492,142.790492,158.270492,158.270492,205.790492,224.790492,224.790492,254.790492,254.790492,254.790492,245.790492,285.790492,224.790492,224.790492,224.790492,254.790492,254.790492,254.790492,245.790492,224.790492,205.790492,TX3
2019-05-12,156.37506,156.37506,156.37506,156.37506,156.37506,156.37506,149.16706,156.37506,156.37506,156.37506,185.52306,221.48906,221.48906,221.48906,193.24006,185.52306,158.85506,158.85506,221.48906,225.37506,225.37506,221.48906,221.48906,193.24006,TX3
2019-05-13,76.8098,76.8098,76.8098,76.8098,105.7578,106.7578,154.7378,152.7578,152.7578,192.7578,193.8718,193.8718,193.8718,193.8718,193.8718,193.8718,193.8718,193.8718,193.8718,240.7578,193.8718,193.8718,152.7578,152.7578,TX3
2019-05-14,75.677046,75.677046,75.677046,75.677046,75.677046,144.625046,175.625046,151.625046,151.625046,151.625046,175.625046,239.625046,175.625046,175.625046,175.625046,175.625046,175.625046,175.625046,239.625046,240.625046,175.625046,151.625046,151.625046,139.103046,TX3
2019-05-15,139.151209,139.151209,139.151209,139.151209,139.151209,139.151209,139.151209,139.151209,142.151209,142.151209,142.151209,142.151209,142.151209,142.151209,142.151209,142.151209,142.151209,142.151209,149.151209,303.151209,174.150209,149.151209,140.151209,139.151209,TX3
2019-05-16,125.301957,125.301957,125.301957,125.301957,125.301957,140.401957,140.401957,140.401957,140.501957,141.301957,155.301957,165.301957,165.301957,165.301957,311.301957,165.301957,165.301957,155.301957,212.301957,320.301957,165.301957,165.301957,140.401957,140.401957,TX3
2019-05-17,104.313601,104.313601,104.313601,104.313601,104.313601,104.313601,104.313601,124.413601,124.413601,124.413601,140.413601,154.413601,140.413601,154.413601,154.413601,154.413601,154.413601,124.413601,164.413601,164.413601,164.413601,154.413601,124.413601,104.313601,TX3
2019-05-18,75.852949,75.851949,75.851949,75.851949,75.851949,75.852949,79.799949,154.799949,159.799949,159.799949,159.799949,159.799949,159.799949,159.799949,159.799949,159.799949,159.799949,159.799949,159.799949,159.799949,159.799949,159.799949,154.799949,79.799949,TX3
2019-05-19,141.310013,126.309013,126.309013,126.309013,126.309013,77.362013,76.320013,77.362013,141.310013,141.310013,166.310013,166.310013,166.310013,166.310013,141.310013,141.310013,141.310013,141.310013,166.310013,166.310013,166.310013,141.310013,141.310013,141.310013,TX3
2019-05-20,80.918804,80.918804,80.918804,80.918804,153.866804,154.866804,153.866804,154.866804,154.866804,154.866804,159.866804,169.866804,169.866804,169.866804,169.866804,169.866804,169.866804,159.866804,169.866804,174.866804,169.866804,159.866804,154.866804,154.866804,TX3
2019-05-21,139.55105,139.55105,139.55105,139.55105,149.55105,150.55105,150.55105,150.55105,150.55105,150.55105,150.55105,165.55105,150.55105,150.55105,165.55105,165.55105,165.55105,150.55105,170.55105,311.55105,165.55105,165.55105,150.55105,150.55105,TX3
2019-05-22,75.180108,75.180108,75.180108,75.180108,75.180108,94.127108,75.180108,75.180108,149.128108,149.128108,169.128108,169.128108,149.128108,149.128108,310.128108,310.128108,149.128108,149.128108,164.128108,169.128108,164.128108,164.128108,94.127108,94.127108,TX3
2019-05-23,85.914392,85.914392,85.914392,85.914392,85.914392,85.914392,99.414392,99.414392,99.514392,99.514392,139.392392,310.914392,164.914392,164.914392,164.914392,164.914392,164.394392,99.414392,164.914392,164.914392,164.914392,99.414392,99.414392,85.914392,TX3
2019-05-24,71.656846,71.656846,71.656846,71.656846,71.656846,75.657846,71.656846,71.656846,75.657846,138.805846,164.605846,164.605846,164.605846,164.605846,164.605846,164.605846,164.605846,138.805846,164.605846,164.605846,138.805846,88.105846,88.105846,75.657846,TX3
2019-05-25,85.724814,85.724814,85.724814,85.724814,85.724814,85.724814,124.024814,124.024814,124.024814,124.024814,124.024814,124.024814,124.024814,124.024814,124.024814,124.024814,124.024814,124.024814,164.024814,164.024814,124.024814,124.024814,124.024814,124.024814,TX3
2019-05-26,123.294919,79.346919,79.346919,79.346919,79.346919,79.345919,75.345919,79.346919,79.346919,123.294919,130.294919,130.294919,130.294919,130.294919,130.294919,123.294919,123.294919,123.294919,130.294919,130.294919,130.294919,130.294919,123.294919,123.294919,TX3
2019-05-27,78.011989,78.011989,79.059989,79.059989,80.159989,166.959989,142.359989,142.359989,142.359989,142.459989,142.459989,142.459989,142.459989,166.959989,166.959989,166.959989,142.459989,142.459989,166.959989,176.959989,142.459989,142.459989,142.359989,142.359989,TX3
2019-05-28,74.843469,74.843469,74.843469,74.843469,74.843469,163.791469,144.191469,144.191469,144.191469,163.791469,163.791469,163.791469,144.191469,144.191469,144.191469,163.791469,163.791469,144.191469,163.791469,163.791469,163.791469,144.191469,144.191469,84.789469,TX3
2019-05-29,101.509617,101.509617,83.823617,83.823617,101.509617,101.509617,101.509617,129.209617,129.209617,129.209617,129.209617,129.209617,129.209617,129.209617,213.809617,129.209617,129.209617,129.209617,163.709617,163.709617,163.709617,129.209617,101.509617,101.509617,TX3
2019-05-30,74.801039,74.801039,70.800039,70.800039,74.801039,88.749039,88.749039,88.749039,163.749039,163.749039,179.249039,183.749039,183.749039,183.749039,183.749039,183.749039,183.749039,163.749039,179.249039,183.749039,163.749039,163.749039,88.749039,74.801039,TX3
2019-05-31,88.13787,88.13787,75.19087,88.13787,88.13787,94.63887,94.63887,94.63887,139.63887,139.63887,164.13887,202.59287,164.13887,164.13887,164.13887,164.13887,164.13887,139.63887,210.13887,174.13887,174.13887,164.13887,94.63887,94.63887,TX3
2019-06-01,90.304624,90.304624,74.521624,74.521624,90.304624,90.304624,90.304624,96.305624,150.305624,150.305624,150.305624,150.305624,150.305624,150.305624,150.305624,150.305624,150.305624,150.305624,150.305624,160.305624,150.305624,150.305624,150.305624,134.705624,TX3
2019-06-02,86.059503,86.059503,86.059503,86.059503,86.059503,86.059503,86.059503,86.059503,86.059503,86.059503,94.059503,94.059503,94.059503,119.059503,119.059503,119.059503,119.059503,94.059503,135.059503,135.059503,135.059503,135.059503,94.059503,86.059503,TX3
2019-06-03,84.165674,78.881674,84.664674,78.881674,78.881674,78.881674,78.881674,84.165674,84.165674,84.165674,134.665674,134.665674,134.665674,134.665674,134.665674,134.665674,84.664674,84.664674,134.665674,164.665674,134.665674,134.665674,84.664674,84.165674,TX3
2019-06-04,71.089378,71.089378,71.089378,71.089378,71.089378,75.890378,80.173378,131.674378,136.674378,136.674378,136.674378,161.674378,136.674378,161.674378,161.674378,161.674378,161.674378,136.674378,136.674378,161.674378,161.674378,136.674378,131.674378,131.674378,TX3
2019-06-05,116.239418,116.239418,116.239418,86.239418,116.239418,116.239418,116.239418,132.239418,132.239418,161.239418,186.239418,186.239418,186.239418,186.239418,186.239418,186.239418,186.239418,186.239418,186.239418,186.239418,186.239418,161.239418,132.239418,132.239418,TX3
2019-06-06,74.079841,74.079841,69.995841,69.995841,74.079841,130.479841,130.479841,131.579841,185.579841,185.579841,185.579841,210.579841,160.059841,185.579841,185.579841,185.579841,160.059841,160.059841,150.479841,210.579841,160.059841,131.579841,130.479841,74.795841,TX3
2019-06-07,129.812783,129.912783,75.128783,75.128783,75.128783,129.812783,129.812783,129.812783,129.812783,129.912783,129.912783,131.862783,129.812783,129.812783,131.862783,129.812783,129.812783,129.812783,129.912783,131.862783,129.912783,129.812783,129.812783,129.912783,TX3
2019-06-08,102.448829,102.448829,102.448829,102.448829,102.448829,102.448829,102.448829,102.448829,110.838829,110.838829,110.838829,110.838829,127.848829,127.848829,110.838829,110.838829,110.838829,110.838829,127.848829,127.848829,127.848829,110.838829,110.838829,110.838829,TX3
2019-06-09,82.761269,82.761269,82.476269,82.476269,82.476269,77.676269,77.676269,77.676269,82.476269,82.761269,116.261269,116.261269,116.261269,116.261269,116.261269,116.261269,116.261269,116.261269,118.251269,118.251269,118.251269,118.251269,118.251269,116.261269,TX3
2019-06-10,73.02151,73.02151,73.02151,73.02151,77.82051,77.82051,108.60551,113.90551,113.90551,132.58551,132.58551,132.58551,132.58551,132.58551,132.58551,132.58551,132.58551,132.58551,132.58551,183.60551,132.58551,132.58551,113.90551,113.90551,TX3
2019-06-11,69.946926,69.946926,69.946926,69.946926,69.946926,74.745926,74.745926,110.330926,110.330926,120.530926,150.530926,150.530926,150.530926,150.530926,306.530926,208.530926,150.530926,110.330926,120.530926,150.530926,110.330926,110.330926,110.330926,74.745926,TX3
2019-06-12,80.449138,80.449138,74.674138,74.674138,80.449138,80.449138,80.449138,92.792138,92.792138,105.459138,150.459138,150.459138,150.459138,150.459138,208.459138,208.459138,150.459138,92.792138,150.459138,306.459138,150.459138,92.792138,92.792138,80.449138,TX3
2019-06-13,70.840942,70.840942,70.840942,70.840942,70.840942,75.640942,75.640942,75.640942,75.641942,91.925942,91.925942,91.925942,91.925942,91.925942,91.925942,91.925942,91.925942,91.925942,151.425942,151.425942,91.925942,91.925942,75.641942,75.641942,TX3
2019-06-14,76.692319,76.691319,76.691319,76.691319,76.692319,77.796319,77.796319,77.796319,77.796319,77.796319,91.776319,91.776319,91.776319,91.776319,92.876319,92.476319,91.776319,82.476319,92.876319,92.876319,92.876319,92.876319,91.776319,77.796319,TX3
2019-06-15,77.097654,77.097654,76.393654,76.393654,76.393654,76.393654,77.097654,77.097654,88.077654,90.777654,90.777654,90.777654,90.777654,90.777654,90.777654,90.777654,90.777654,90.777654,90.777654,97.177654,90.777654,90.777654,88.077654,77.097654,TX3
2019-06-16,78.694664,78.694664,78.694664,78.694664,78.694664,78.694664,77.990664,78.694664,78.694664,78.694664,78.694664,85.674664,85.674664,85.674664,85.674664,78.694664,78.694664,78.694664,86.374664,86.374664,86.374664,86.374664,86.374664,85.674664,TX3
2019-06-17,79.589632,79.589632,79.589632,79.589632,79.589632,94.773632,90.693632,90.693632,94.773632,95.973632,95.973632,95.973632,95.973632,95.973632,95.973632,95.973632,95.973632,95.973632,100.373632,155.373632,155.373632,95.973632,95.973632,90.693632,TX3
2019-06-18,88.830342,88.830342,88.830342,88.830342,88.830342,92.330342,92.330342,95.850342,95.850342,151.030342,151.030342,153.030342,153.030342,153.030342,153.030342,153.030342,153.030342,151.030342,153.030342,211.030342,153.030342,148.030342,95.850342,92.330342,TX3
2019-06-19,75.207816,75.207816,75.207816,75.207816,75.207816,75.207816,76.407816,150.607816,151.607816,151.607816,151.607816,151.607816,151.607816,208.607816,306.607816,208.607816,151.607816,151.607816,151.607816,151.607816,151.607816,150.607816,143.607816,75.207816,TX3
2019-06-20,77.728827,78.013827,77.728827,77.728827,78.013827,78.013827,78.313827,113.513827,113.513827,147.513827,155.513827,155.513827,155.513827,155.513827,113.513827,147.513827,147.513827,113.513827,147.513827,155.513827,147.513827,146.513827,113.513827,78.313827,TX3
2019-06-21,77.925775,77.925775,77.925775,77.925775,77.925775,77.925775,104.425775,103.425775,104.425775,104.425775,146.425775,193.425775,193.425775,193.425775,193.425775,193.425775,146.425775,103.425775,146.425775,193.425775,104.425775,103.425775,103.425775,103.425775,TX3
2019-06-22,90.931964,90.931964,90.931964,90.931964,90.931964,90.931964,90.931964,100.431964,101.431964,101.431964,101.431964,101.431964,101.431964,101.431964,101.431964,101.431964,101.431964,101.431964,101.431964,101.431964,101.431964,101.431964,100.431964,100.431964,TX3
2019-06-23,99.437191,102.437191,99.437191,99.437191,99.437191,99.437191,77.437191,99.437191,76.437191,77.437191,99.437191,99.437191,100.937191,99.437191,99.437191,99.437191,77.437191,99.437191,100.937191,102.437191,100.937191,100.937191,100.937191,99.437191,TX3
2019-06-24,78.320794,78.320794,75.320794,75.320794,75.320794,75.320794,75.320794,75.320794,78.320794,97.820794,97.820794,97.820794,97.820794,97.820794,97.820794,97.820794,97.820794,97.820794,99.320794,115.320794,115.320794,99.320794,97.820794,97.820794,TX3
2019-06-25,80.458215,77.958215,77.958215,77.958215,77.958215,80.458215,80.458215,80.458215,117.958215,117.958215,117.958215,117.958215,117.958215,117.958215,117.958215,117.958215,117.958215,117.958215,117.958215,145.958215,117.958215,117.958215,117.958215,80.458215,TX3
2019-06-26,78.661016,78.661016,78.661016,78.661016,78.661016,78.661016,78.661016,79.161016,91.161016,91.161016,141.661016,156.661016,181.161016,141.661016,156.661016,139.161016,91.161016,91.161016,141.661016,156.661016,156.661016,139.161016,91.161016,79.161016,TX3
2019-06-27,78.779594,78.779594,78.779594,78.779594,93.279594,93.279594,124.779594,139.279594,136.779594,140.779594,140.779594,140.779594,140.779594,140.779594,140.779594,140.779594,140.779594,140.779594,140.779594,140.779594,140.779594,140.779594,139.279594,139.279594,TX3
2019-06-28,122.556723,102.556723,102.556723,102.556723,132.556723,122.556723,122.556723,122.556723,122.556723,122.556723,132.556723,132.556723,139.056723,132.556723,132.556723,134.556723,132.556723,139.056723,139.056723,139.056723,139.056723,139.056723,132.556723,122.556723,TX3
2019-06-29,102.551946,101.551946,101.551946,101.551946,101.551946,101.551946,101.551946,117.551946,138.551946,138.551946,138.551946,138.551946,138.551946,138.551946,138.551946,138.551946,138.551946,138.551946,138.551946,138.551946,138.551946,138.551946,141.551946,130.541946,TX3
2019-06-30,117.475106,101.475106,101.475106,101.475106,101.475106,101.475106,95.475106,101.475106,101.475106,117.475106,125.475106,125.475106,125.475106,125.475106,125.475106,125.475106,125.475106,125.475106,125.475106,125.475106,125.475106,125.475106,125.475106,136.465106,TX3
2019-07-01,112.361673,107.361673,107.361673,107.361673,107.361673,107.361673,107.361673,107.361673,143.351673,125.361673,125.361673,125.361673,127.361673,127.361673,125.361673,125.361673,125.361673,125.361673,127.361673,147.361673,147.361673,127.361673,125.361673,125.361673,TX3
2019-07-02,104.482502,104.482502,104.482502,104.482502,104.482502,119.482502,125.582502,125.582502,125.582502,125.582502,154.482502,156.482502,154.482502,154.482502,154.482502,154.482502,154.482502,125.582502,154.482502,156.482502,156.482502,154.482502,125.582502,125.582502,TX3
2019-07-03,122.982805,122.982805,123.982805,123.982805,122.982805,122.982805,123.982805,130.982805,124.982805,145.982805,146.982805,198.982805,193.982805,198.982805,193.982805,193.982805,146.982805,130.982805,146.982805,193.982805,198.982805,146.982805,130.982805,130.982805,TX3
2019-07-04,118.901812,118.901812,118.901812,118.901812,118.901812,118.901812,118.901812,123.301812,128.401812,128.401812,163.401812,163.401812,163.401812,163.401812,203.401812,203.401812,163.401812,128.401812,163.401812,163.401812,163.401812,142.401812,123.301812,118.901812,TX3
2019-07-05,104.45688,104.45688,104.45688,104.45688,104.45688,118.95688,118.95688,118.95688,118.95688,128.45688,143.45688,143.45688,128.45688,143.45688,144.45688,144.45688,143.45688,128.45688,143.45688,144.45688,144.45688,143.45688,128.45688,118.95688,TX3
2019-07-06,91.120694,91.120694,91.120694,91.120694,91.120694,91.120694,91.120694,91.120694,109.120694,129.020694,129.020694,129.120694,129.120694,129.120694,129.020694,129.020694,129.020694,129.020694,129.120694,144.120694,129.120694,129.020694,109.120694,104.120694,TX3
2019-07-07,103.512641,88.522641,88.522641,88.522641,88.522641,88.522641,103.512641,76.312641,88.522641,88.522641,103.512641,121.636641,121.636641,121.636641,121.636641,121.636641,103.512641,103.512641,121.636641,143.522641,121.636641,121.636641,121.636641,103.522641,TX3
2019-07-08,87.099231,87.099231,87.099231,87.099231,87.099231,87.099231,87.099231,99.089231,104.213231,104.213231,113.099231,144.099231,143.099231,143.099231,144.099231,143.099231,104.213231,104.213231,104.213231,143.099231,104.213231,104.213231,104.099231,99.089231,TX3
2019-07-09,96.53488,96.53488,96.53488,88.54488,96.53488,98.54488,98.54488,98.54488,106.44488,111.54488,111.54488,111.54488,111.54488,111.54488,111.54488,111.54488,111.54488,111.54488,111.54488,111.54488,111.54488,111.54488,106.44488,98.54488,TX3
2019-07-10,88.653728,88.653728,76.443728,76.443728,88.653728,100.653728,100.653728,104.767728,104.767728,105.143728,163.653728,163.653728,163.653728,163.653728,163.653728,163.653728,138.653728,105.143728,138.653728,163.653728,163.653728,113.653728,104.767728,100.653728,TX3
2019-07-11,77.633842,77.633842,77.633842,77.633842,77.633842,105.883842,105.883842,111.633842,105.883842,111.633842,145.633842,145.633842,145.633842,111.633842,145.633842,164.633842,145.633842,111.633842,144.633842,145.633842,144.633842,111.633842,105.883842,105.883842,TX3
2019-07-12,90.345066,90.345066,90.345066,90.345066,90.345066,93.345066,93.345066,93.345066,110.245066,110.245066,163.345066,163.345066,163.345066,163.345066,165.345066,163.345066,163.345066,165.345066,163.345066,163.345066,163.345066,163.345066,110.245066,93.345066,TX3
2019-07-13,113.274653,113.274653,113.274653,107.264653,107.264653,113.274653,113.274653,113.274653,128.274653,128.274653,128.274653,160.274653,160.274653,128.274653,128.274653,128.274653,128.274653,117.274653,128.274653,128.274653,128.274653,128.274653,117.274653,117.274653,TX3
2019-07-14,94.386788,93.386788,93.386788,93.386788,93.386788,93.386788,93.386788,93.386788,93.386788,94.386788,141.501788,141.501788,141.501788,141.501788,141.501788,94.386788,94.386788,94.386788,141.501788,161.386788,161.386788,161.386788,141.501788,141.501788,TX3
2019-07-15,76.042222,76.042222,76.042222,76.042222,76.042222,84.252222,84.252222,90.252222,135.242222,142.252222,160.252222,163.252222,163.252222,163.252222,163.252222,163.252222,163.252222,142.252222,163.252222,178.252222,176.252222,163.252222,135.242222,90.252222,TX3
2019-07-16,84.315439,84.315439,84.315439,84.315439,84.315439,122.315439,122.315439,128.030439,128.030439,128.030439,155.315439,155.315439,155.315439,155.315439,155.315439,155.315439,155.315439,128.030439,155.315439,178.315439,155.315439,128.030439,128.030439,122.315439,TX3
2019-07-17,70.919569,82.302569,70.919569,70.919569,70.919569,82.302569,82.302569,93.302569,125.302569,125.302569,125.302569,178.302569,153.292569,178.302569,178.302569,178.302569,128.302569,125.302569,128.302569,133.302569,133.302569,128.302569,113.292569,93.302569,TX3
2019-07-18,91.265287,91.265287,82.265287,82.265287,91.265287,98.265287,98.265287,98.265287,98.265287,103.265287,132.265287,178.265287,178.265287,178.265287,193.265287,193.265287,193.265287,133.265287,133.265287,193.265287,178.265287,133.265287,103.265287,98.265287,TX3
2019-07-19,83.469933,83.469933,83.469933,83.469933,83.469933,84.469933,84.469933,84.469933,103.469933,103.469933,103.469933,179.469933,122.545933,133.468933,179.469933,179.469933,203.469933,103.469933,134.469933,134.469933,134.469933,103.469933,103.469933,84.469933,TX3
2019-07-20,103.068912,103.068912,100.068912,100.068912,100.068912,100.068912,103.068912,100.068912,103.068912,104.068912,104.068912,117.068912,125.568912,117.068912,117.068912,134.067912,117.068912,104.068912,135.068912,135.068912,135.068912,125.568912,117.068912,104.068912,TX3
2019-07-21,118.495869,118.495869,118.495869,118.495869,118.495869,112.495869,108.495869,118.495869,118.495869,118.495869,123.995869,132.995869,132.995869,132.995869,132.494869,123.995869,123.995869,123.995869,132.995869,132.995869,132.995869,132.995869,132.995869,118.495869,TX3
2019-07-22,78.839159,78.839159,78.839159,78.839159,78.839159,108.839159,108.839159,119.839159,124.339159,143.839159,163.839159,163.839159,163.839159,163.839159,178.839159,163.839159,143.839159,143.839159,143.839159,163.839159,143.839159,143.839159,119.839159,117.838159,TX3
2019-07-23,77.824659,77.824659,77.824659,77.824659,77.824659,105.035659,120.035659,120.035659,125.035659,125.035659,144.535659,144.535659,125.535659,125.535659,144.535659,145.035659,144.535659,125.035659,144.535659,145.035659,145.035659,125.035659,120.035659,105.035659,TX3
2019-07-24,86.90065,86.90065,86.90065,86.90065,86.90065,94.90065,94.90065,104.90065,125.40065,144.40065,144.40065,144.40065,144.40065,144.90065,144.90065,144.90065,144.40065,116.89965,124.90065,144.90065,144.90065,124.90065,104.90065,94.90065,TX3
2019-07-25,79.714044,79.714044,79.714044,79.714044,79.714044,79.714044,79.714044,80.558044,128.058044,147.058044,147.058044,167.558044,167.558044,167.558044,167.558044,167.558044,167.558044,128.058044,167.558044,167.558044,167.558044,128.058044,80.558044,79.714044,TX3
2019-07-26,76.9331,76.9331,76.9331,76.9331,76.9331,77.3331,77.3331,77.3331,113.3331,124.8331,143.8331,143.8331,143.8331,143.8331,143.8331,183.8331,124.8331,143.8331,143.8331,164.3331,164.3331,143.8331,113.3331,77.3331,TX3
2019-07-27,88.49614,88.49614,88.49614,88.49614,88.49614,88.49614,97.49614,97.49614,97.49614,113.49614,139.09614,139.09614,139.09614,139.09614,123.99614,113.49614,113.49614,97.49614,139.09614,142.99614,139.09614,139.09614,112.49614,97.49614,TX3
2019-07-28,97.514469,97.514469,97.514469,97.514469,97.514469,97.514469,97.514469,97.514469,97.514469,104.514469,105.514469,108.514469,108.514469,108.514469,108.514469,108.514469,105.514469,104.514469,108.514469,128.514469,128.514469,128.514469,108.514469,104.514469,TX3
2019-07-29,101.363019,101.363019,77.363019,77.363019,93.363019,102.363019,109.363019,109.363019,113.363019,113.363019,113.363019,113.363019,113.363019,113.363019,163.363019,163.363019,113.363019,113.363019,113.363019,153.363019,153.363019,113.363019,113.363019,109.363019,TX3
2019-07-30,92.678759,92.678759,76.295759,76.295759,93.678759,99.678759,99.678759,99.678759,99.678759,100.678759,168.678759,168.678759,168.678759,168.678759,168.678759,168.678759,168.678759,163.678759,168.678759,168.678759,168.678759,163.678759,99.678759,99.678759,TX3
2019-07-31,87.543241,87.543241,87.543241,87.543241,92.543241,95.543241,95.543241,97.543241,97.543241,97.543241,168.543241,173.543241,168.543241,173.543241,202.543241,168.543241,168.543241,97.543241,168.543241,173.543241,168.543241,97.543241,97.543241,95.543241,TX3
2019-08-01,92.746653,92.746653,92.746653,92.746653,92.746653,92.746653,92.746653,93.346653,152.846653,163.846653,163.846653,163.846653,163.846653,163.846653,202.846653,163.846653,163.846653,152.846653,163.846653,163.846653,163.846653,163.746653,93.346653,92.746653,TX3
2019-08-02,94.668735,94.668735,94.668735,94.668735,94.668735,94.668735,94.668735,112.563735,112.563735,158.768735,163.768735,163.768735,163.768735,163.768735,165.768735,165.768735,165.768735,163.768735,165.768735,173.768735,165.768735,163.768735,112.563735,112.563735,TX3
2019-08-03,94.725426,94.725426,94.725426,94.725426,94.725426,94.725426,94.725426,108.620426,108.620426,159.825426,159.825426,163.825426,163.825426,183.825426,159.825426,159.825426,108.620426,108.620426,159.825426,163.825426,163.825426,159.825426,108.620426,94.725426,TX3
2019-08-04,120.530458,120.530458,120.530458,120.530458,120.530458,110.835458,105.735458,110.835458,110.835458,110.835458,110.835458,120.530458,120.530458,120.530458,120.530458,120.530458,110.835458,120.530458,120.530458,163.735458,163.735458,160.735458,120.530458,110.835458,TX3
2019-08-05,78.977698,78.977698,78.977698,78.977698,78.977698,111.077698,111.077698,111.077698,115.977698,123.977698,171.977698,171.977698,171.977698,171.977698,171.977698,171.977698,171.977698,115.977698,123.977698,171.977698,171.977698,123.977698,111.077698,111.077698,TX3
2019-08-06,122.695707,128.695707,128.695707,122.695707,122.695707,128.695707,128.695707,133.695707,133.695707,202.695707,172.195707,172.195707,172.195707,172.195707,172.195707,172.195707,172.195707,172.195707,172.195707,172.195707,172.195707,172.195707,133.695707,128.695707,TX3
2019-08-07,122.369469,124.552469,123.769469,122.369469,124.552469,124.552469,122.369469,122.369469,133.769469,133.769469,171.769469,193.769469,173.769469,171.769469,171.769469,171.769469,171.769469,133.769469,171.769469,193.769469,193.769469,171.769469,133.769469,130.769469,TX3
2019-08-08,79.104414,79.104414,79.104414,79.104414,79.104414,79.104414,79.104414,119.204414,119.204414,125.204414,130.204414,130.204414,130.204414,130.204414,130.204414,130.204414,130.204414,125.204414,130.204414,134.204414,130.204414,130.204414,119.204414,119.204414,TX3
2019-08-09,80.62941,80.62941,80.62941,80.62941,80.62941,120.72941,120.72941,120.72941,127.62941,129.72941,209.72941,210.72941,210.72941,210.72941,210.72941,211.72941,211.72941,129.72941,185.72641,211.72941,210.72941,129.72941,124.29841,120.72941,TX3
2019-08-10,116.614797,116.514797,116.614797,81.514797,116.514797,116.514797,116.514797,121.114797,121.114797,121.114797,210.614797,210.614797,210.614797,127.114797,127.114797,127.114797,121.114797,121.114797,127.114797,212.114797,211.614797,127.114797,121.114797,121.114797,TX3
2019-08-11,118.351401,118.351401,118.351401,118.351401,118.351401,118.351401,118.351401,118.351401,118.351401,124.351401,125.851401,125.851401,125.851401,125.851401,125.851401,125.851401,125.851401,124.351401,125.851401,203.851401,203.851401,207.851401,125.851401,125.851401,TX3
2019-08-12,79.185605,79.185605,77.281605,79.185605,79.185605,79.185605,79.185605,125.285605,127.285605,214.285605,204.285605,209.285605,204.285605,204.285605,214.285605,214.285605,209.285605,169.265605,204.285605,209.285605,204.285605,204.285605,127.285605,79.185605,TX3
2019-08-13,166.365694,166.365694,124.434694,119.765694,119.765694,167.765694,167.765694,204.865694,221.865694,221.865694,205.012694,215.865694,204.865694,204.865694,205.012694,295.865694,204.865694,196.365694,204.865694,215.865694,215.865694,204.865694,295.865694,167.765694,TX3
2019-08-14,136.473303,136.473303,136.473303,136.473303,136.473303,165.373303,165.373303,194.973303,224.473303,224.473303,197.373303,197.373303,197.373303,197.373303,910.473303,197.373303,197.373303,197.373303,197.373303,224.473303,197.373303,197.373303,194.973303,165.373303,TX3
2019-08-15,140.653638,140.653638,140.653638,140.653638,164.653638,163.553638,163.553638,164.653638,191.652638,191.652638,166.153638,166.153638,166.153638,166.153638,193.153638,166.153638,166.153638,166.153638,166.153638,166.153638,166.153638,166.153638,163.553638,162.653638,TX3
2019-08-16,79.610813,139.710813,79.610813,79.610813,147.710813,147.710813,147.710813,147.710813,147.710813,163.710813,157.710813,157.710813,157.710813,157.710813,157.710813,157.710813,157.710813,157.710813,157.710813,162.710813,157.710813,157.710813,147.710813,147.710813,TX3
2019-08-17,82.9829,82.9829,82.9829,82.9829,82.9829,93.9829,93.9829,93.9829,156.4829,156.9829,156.9829,156.9829,193.4829,156.9829,156.9829,156.9829,156.9829,156.4829,156.9829,186.9819,156.9829,156.9829,156.4829,93.9829,TX3
2019-08-18,87.802082,87.802082,78.912082,78.912082,78.912082,78.912082,78.812082,78.912082,87.802082,87.802082,155.912082,155.912082,156.912082,156.912082,155.912082,155.912082,155.912082,155.912082,156.912082,156.912082,156.912082,156.912082,155.912082,87.802082,TX3
2019-08-19,80.83594,80.83594,80.83594,80.83594,80.83594,80.83594,80.83594,80.83594,83.83594,153.83594,153.83594,153.83594,153.83594,153.83594,153.83594,153.83594,153.83594,153.83594,153.83594,153.83594,153.83594,153.83594,153.83594,83.83594,TX3
2019-08-20,81.23791,81.23791,81.23791,81.23791,81.23791,81.23791,81.23791,86.33791,95.33791,127.33791,127.33791,127.33791,127.33791,127.33791,139.33691,139.33591,139.33591,127.33791,127.33791,139.33691,139.33691,139.33591,95.33791,87.33791,TX3
2019-08-21,78.928592,83.928592,83.928592,78.928592,83.928592,83.928592,93.928592,93.928592,93.928592,113.928592,123.928592,140.928592,123.928592,140.928592,140.928592,140.928592,140.928592,123.928592,140.928592,189.928592,193.428592,123.928592,93.928592,93.928592,TX3
2019-08-22,79.094299,79.094299,79.094299,79.094299,79.094299,79.094299,79.094299,91.994299,104.994299,113.994299,113.994299,134.974299,113.994299,113.994299,183.994299,183.994299,113.994299,113.994299,113.994299,186.993299,183.994299,183.994299,104.994299,79.094299,TX3
2019-08-23,79.177764,79.177764,79.177764,79.177764,103.177764,103.177764,115.177764,115.177764,103.177764,115.177764,115.177764,122.746764,122.746764,115.177764,193.677764,122.746764,190.177764,187.176764,187.176764,190.177764,190.177764,193.677764,103.177764,115.177764,TX3
2019-08-24,81.138141,81.138141,81.138141,81.138141,83.138141,83.138141,83.138141,114.138141,116.138141,116.138141,116.138141,116.138141,116.138141,116.138141,116.138141,116.138141,116.138141,116.138141,116.138141,116.138141,116.138141,116.138141,114.138141,83.138141,TX3
2019-08-25,92.129451,92.129451,92.129451,92.129451,92.129451,92.129451,92.129451,92.129451,113.629451,116.629451,116.629451,116.629451,116.629451,116.629451,116.629451,116.629451,116.629451,116.629451,187.628451,161.629451,161.629451,161.629451,116.629451,116.629451,TX3
2019-08-26,109.286726,112.786726,91.286726,91.286726,91.286726,157.286726,157.286726,181.286726,181.286726,181.286726,181.286726,190.286726,187.285726,190.286726,190.286726,190.286726,190.286726,181.286726,193.786726,193.786726,191.286726,187.285726,181.286726,157.286726,TX3
2019-08-27,131.191754,95.211754,95.211754,134.211754,134.211754,134.211754,134.211754,134.211754,210.211754,210.211754,215.211754,219.211754,215.211754,215.211754,219.211754,220.211754,220.211754,215.211754,220.211754,505.211754,220.211754,215.211754,210.211754,134.211754,TX3
2019-08-28,125.586646,125.586646,125.586646,125.586646,125.586646,156.586646,156.586646,156.586646,188.585646,216.586646,216.586646,216.586646,215.586646,216.586646,216.586646,216.586646,216.586646,194.586646,215.586646,235.586646,216.586646,215.586646,190.747646,156.586646,TX3
2019-08-29,154.210868,137.210868,137.210868,137.210868,137.210868,155.210868,155.210868,156.210868,212.917868,225.210868,230.210868,235.210868,235.210868,235.210868,305.210868,235.210868,225.210868,225.210868,225.210868,235.210868,225.210868,220.210868,156.210868,156.210868,TX3
2019-08-30,136.723163,136.723163,136.723163,136.723163,136.723163,136.723163,136.723163,188.723163,195.723163,195.723163,223.723163,233.723163,223.723163,223.723163,233.723163,233.723163,223.723163,218.723163,233.723163,223.723163,218.723163,218.723163,195.723163,149.723163,TX3
2019-08-31,194.382425,194.382425,138.915425,138.915425,138.915425,164.382425,164.382425,196.382425,196.382425,196.382425,225.382425,219.382425,219.382425,196.382425,196.382425,196.382425,196.382425,196.382425,234.382425,219.382425,219.382425,196.382425,196.382425,195.382425,TX3
2019-09-01,158.60993,158.60993,158.60993,158.60993,158.60993,158.60993,158.60993,158.60993,158.60993,191.09593,211.09593,211.09593,192.09593,191.09593,158.60993,158.60993,158.60993,158.60993,211.09593,211.09593,211.09593,211.09593,192.09593,158.60993,TXF
2019-09-02,189.578702,189.578702,189.578702,189.578702,189.578702,191.088702,190.578702,191.088702,205.578702,214.578702,214.578702,214.578702,214.578702,214.578702,214.578702,214.578702,214.578702,214.578702,214.578702,214.578702,214.578702,214.578702,191.088702,190.578702,TXF
2019-09-03,79.287634,79.287634,79.287634,79.287634,146.836634,202.468634,202.468634,226.468634,230.468634,231.468634,230.468634,230.468634,230.468634,230.468634,230.468634,230.468634,230.468634,230.468634,230.468634,231.468634,230.468634,230.468634,226.468634,226.468634,TXF
2019-09-04,191.296272,191.296272,191.296272,191.296272,191.296272,191.296272,191.296272,195.776272,195.776272,195.776272,235.786272,235.786272,235.786272,270.786272,270.786272,270.786272,270.786272,210.786272,235.786272,235.786272,235.786272,202.461272,195.776272,195.776272,TXF
2019-09-05,182.793548,182.793548,182.793548,182.793548,182.793548,183.803548,182.793548,183.803548,193.803548,197.103548,197.103548,197.103548,207.803548,217.803548,238.803548,217.803548,207.803548,207.803548,238.803548,302.803548,217.803548,204.478548,197.103548,193.803548,TXF
2019-09-06,111.447367,111.447367,111.447367,111.447367,111.447367,111.447367,111.447367,195.547367,204.447367,204.447367,204.447367,204.447367,204.447367,204.447367,211.447367,211.447367,204.447367,204.447367,211.447367,211.447367,211.447367,204.447367,204.447367,182.447367,TXF
2019-09-07,182.955545,182.955545,182.955545,182.955545,182.955545,182.955545,182.955545,185.655545,186.655545,186.655545,194.855545,205.655545,205.655545,186.655545,186.655545,186.655545,186.655545,186.655545,194.855545,205.655545,186.655545,186.655545,186.655545,182.955545,TXF
2019-09-08,186.753058,183.753058,145.753058,145.753058,145.753058,145.753058,145.753058,194.853058,183.753058,186.753058,186.753058,186.753058,186.753058,186.753058,186.753058,186.753058,186.753058,186.753058,194.953058,214.753058,205.753058,192.753058,192.753058,186.753058,TXF
2019-09-09,160.480689,160.480689,153.480689,160.480689,160.480689,192.480689,192.480689,192.480689,205.480689,210.480689,220.480689,237.480689,237.480689,237.480689,237.480689,237.480689,220.480689,220.480689,300.480689,310.480689,300.480689,220.480689,193.480689,192.480689,TXF
2019-09-10,188.603045,188.603045,188.603045,161.603045,199.803045,205.603045,205.603045,210.603045,221.603045,220.603045,300.603045,331.603045,331.603045,331.603045,350.603045,350.603045,350.603045,221.603045,350.603045,350.603045,350.603045,300.603045,220.603045,210.603045,TXF
2019-09-11,212.01479,212.01479,212.01479,212.01479,212.01479,212.01479,212.01479,227.71479,230.71479,230.71479,230.71479,255.71479,230.71479,255.71479,355.71479,355.71479,255.71479,230.71479,230.71479,230.71479,230.71479,230.71479,227.71479,212.01479,TXF
2019-09-12,210.026772,210.026772,210.026772,210.026772,210.026772,210.026772,220.026772,233.026772,233.026772,233.026772,233.026772,351.026772,256.026772,256.026772,351.026772,351.026772,256.026772,233.026772,351.026772,351.026772,332.026772,233.026772,233.026772,220.026772,TXF
2019-09-13,246.048287,246.048287,246.048287,246.048287,246.048287,281.414287,260.948287,260.948287,260.948287,339.048287,342.048287,376.048287,339.048287,342.048287,376.048287,376.048287,342.048287,260.948287,342.048287,342.048287,281.414287,260.948287,260.948287,342.048287,TXF
2019-09-14,263.11424,263.11424,263.11424,263.11424,263.11424,263.11424,263.11424,272.61424,274.61424,274.61424,274.61424,274.61424,274.61424,274.61424,274.61424,274.61424,274.61424,274.61424,274.61424,274.61424,274.61424,274.61424,272.61424,272.61424,TXF
2019-09-15,267.220196,267.220196,267.220196,266.685196,266.685196,266.685196,266.685196,266.685196,267.220196,287.220196,301.720196,301.720196,301.720196,301.720196,301.720196,301.720196,301.720196,287.220196,343.220196,343.220196,343.220196,337.218196,301.720196,287.220196,TXF
2019-09-16,300.452613,300.452613,300.452613,299.952613,300.452613,340.452613,340.452613,340.452613,340.452613,340.452613,340.452613,341.452613,340.452613,340.452613,341.452613,341.452613,340.452613,340.452613,380.452613,400.452613,380.452613,340.452613,340.452613,340.452613,TXF
2019-09-17,360.323078,360.323078,352.984078,340.823078,360.323078,360.323078,360.323078,365.322078,360.323078,360.323078,360.323078,365.322078,360.323078,360.323078,360.323078,360.323078,360.323078,360.323078,365.322078,380.323078,360.323078,360.323078,360.323078,360.323078,TXF
2019-09-18,315.34611,315.34611,315.34611,301.34611,315.34611,355.34511,355.34511,360.34611,360.34611,360.34611,381.84611,381.84611,381.84611,381.84611,381.84611,381.84611,381.84611,360.34611,381.84611,381.84611,381.84611,380.34511,360.34611,315.34611,TXF
2019-09-19,300.821238,291.821238,291.821238,291.821238,291.821238,316.821238,316.821238,353.821238,382.821238,382.821238,382.821238,382.821238,382.821238,382.821238,382.821238,382.821238,382.821238,382.821238,395.821238,395.821238,382.821238,382.821238,353.821238,291.821238,TXF
2019-09-20,292.455068,292.455068,292.455068,247.798068,292.455068,294.455068,294.455068,301.455068,324.455068,324.455068,383.455068,383.455068,383.455068,383.455068,383.455068,383.455068,383.455068,331.455068,383.455068,383.455068,383.455068,411.455068,300.955068,294.455068,TXF
2019-09-21,297.124626,260.124626,260.124626,258.124626,260.124626,297.124626,297.124626,297.124626,302.124626,302.124626,302.124626,302.124626,302.124626,301.124626,301.124626,300.624626,300.624626,300.624626,310.124626,310.124626,310.124626,302.124626,297.124626,297.124626,TXF
2019-09-22,286.358586,286.358586,286.358586,286.358586,286.358586,286.358586,286.358586,286.358586,286.358586,305.358586,305.358586,305.358586,305.358586,305.358586,305.358586,305.358586,305.358586,305.358586,309.358586,309.358586,309.358586,305.358586,305.358586,300.358586,TXF
2019-09-23,290.403078,290.403078,290.403078,290.403078,290.403078,300.403078,311.403078,311.403078,311.403078,400.403078,380.403078,400.403078,380.403078,400.403078,400.403078,400.403078,380.403078,380.403078,400.403078,400.403078,380.403078,365.403078,311.403078,311.403078,TXF
2019-09-24,334.386756,334.386756,334.386756,334.386756,334.386756,360.386756,360.386756,360.386756,380.376756,380.376756,380.376756,380.376756,380.376756,380.376756,441.386756,380.376756,380.376756,380.376756,441.386756,441.386756,380.376756,380.376756,360.386756,360.386756,TXF
2019-09-25,331.369903,331.369903,321.071903,321.071903,331.369903,331.369903,331.369903,373.369903,390.369903,390.369903,399.369903,399.369903,399.369903,399.369903,399.369903,399.369903,399.369903,399.369903,399.369903,399.369903,399.369903,390.369903,331.369903,331.369903,TXF
2019-09-26,261.014729,261.014729,261.014729,261.014729,261.014729,321.014729,321.014729,321.014729,321.014729,331.014729,330.014729,330.014729,330.014729,330.014729,330.014729,331.014729,330.014729,330.014729,391.014729,321.716729,330.014729,330.014729,321.014729,261.014729,TXF
2019-09-27,260.757495,260.757495,260.757495,260.757495,260.757495,290.757495,300.757495,321.459495,317.757495,317.757495,325.757495,325.757495,325.757495,325.757495,390.757495,390.757495,325.757495,317.757495,420.757495,420.757495,325.757495,317.757495,317.757495,321.459495,TXF
2019-09-28,317.109314,306.009314,306.009314,306.009314,306.009314,306.009314,306.009314,317.109314,317.109314,318.009314,318.009314,349.994314,331.009314,349.994314,349.994314,318.009314,318.009314,318.009314,411.009314,411.009314,411.009314,368.009314,318.009314,317.109314,TXF
2019-09-29,314.312556,311.312556,311.312556,311.312556,308.312556,308.312556,308.312556,308.312556,311.312556,311.312556,314.312556,331.312556,331.312556,331.312556,314.312556,314.312556,311.312556,311.312556,427.312556,427.312556,427.312556,427.312556,349.676556,314.312556,TXF
2019-09-30,385.69985,385.69985,361.79985,361.79985,385.69985,385.69985,385.69985,385.69985,385.69985,390.69985,455.69985,455.69985,455.69985,455.69985,455.69985,455.69985,455.69985,441.69985,455.69985,455.69985,441.69985,386.69985,385.69985,385.69985,TXF
2019-10-01,388.395411,388.395411,383.395411,383.395411,388.395411,388.395411,388.395411,388.395411,393.395411,394.395411,423.495411,423.495411,423.495411,423.495411,423.495411,423.495411,423.495411,423.495411,423.495411,444.395411,423.495411,423.495411,388.395411,388.395411,TXF
2019-10-02,422.455397,387.455397,387.455397,387.455397,387.455397,422.455397,422.455397,422.455397,422.755397,422.755397,422.755397,422.755397,422.755397,422.755397,423.455397,423.455397,422.755397,422.755397,423.455397,423.455397,422.755397,422.755397,422.755397,422.455397,TXF
2019-10-03,333.870636,251.152636,218.751636,218.751636,251.152636,333.870636,418.751636,418.751636,418.751636,418.751636,463.751636,463.751636,463.751636,463.751636,463.751636,463.751636,463.751636,426.751636,463.751636,463.751636,463.751636,418.751636,418.751636,323.871636,TXF
2019-10-04,251.575664,219.124664,219.124664,219.124664,251.575664,353.124664,353.124664,353.124664,354.124664,354.124664,354.124664,465.124664,354.124664,354.124664,465.124664,465.124664,384.124664,354.124664,467.124664,467.124664,467.124664,467.124664,354.124664,353.124664,TXF
2019-10-05,352.158198,352.158198,352.158198,350.408198,352.158198,352.158198,352.158198,352.158198,392.044198,392.044198,392.044198,458.044198,458.044198,392.044198,392.044198,392.044198,392.044198,392.044198,458.044198,458.044198,392.044198,392.044198,392.044198,352.158198,TXF
2019-10-06,408.095153,361.981153,335.981153,335.981153,335.981153,335.981153,335.981153,335.981153,335.981153,335.981153,408.095153,408.095153,408.095153,408.095153,408.095153,346.275153,335.981153,335.981153,408.095153,408.095153,408.095153,408.095153,408.095153,335.981153,TXF
2019-10-07,282.304879,282.304879,253.706879,282.304879,282.304879,317.304879,317.304879,352.304879,352.304879,352.304879,374.418879,374.418879,374.418879,374.418879,374.418879,374.418879,374.418879,374.418879,473.304879,474.304879,374.418879,374.418879,352.304879,352.304879,TXF
2019-10-08,316.552327,316.552327,316.552327,316.552327,316.552327,316.552327,316.666327,322.552327,474.552327,474.552327,477.552327,477.552327,474.552327,474.552327,474.552327,474.552327,474.552327,322.552327,473.552327,473.552327,473.552327,346.846327,322.552327,316.666327,TXF
2019-10-09,320.41911,320.41911,297.41911,297.41911,297.41911,320.41911,327.41911,327.41911,477.41911,477.41911,477.41911,477.41911,477.41911,477.41911,477.41911,477.41911,477.41911,477.41911,477.41911,477.41911,473.41911,461.41911,401.41911,327.41911,TXF
2019-10-10,332.577828,332.577828,303.017828,303.017828,303.017828,332.577828,332.577828,347.577828,347.577828,351.577828,362.577828,460.577828,460.577828,460.577828,477.577828,460.577828,401.577828,401.577828,482.577828,482.577828,477.577828,351.577828,347.577828,347.577828,TXF
2019-10-11,334.029133,332.029133,332.029133,332.029133,332.029133,334.029133,334.029133,352.029133,502.029133,503.029133,503.029133,502.029133,455.619133,455.619133,455.619133,455.619133,455.619133,361.029133,482.029133,482.029133,455.619133,361.029133,334.029133,334.029133,TXF
2019-10-12,341.855033,339.855033,339.855033,339.855033,339.855033,339.855033,341.855033,341.855033,361.855033,361.855033,381.855033,381.855033,381.855033,381.855033,361.855033,361.855033,357.355033,357.355033,506.855033,506.855033,501.855033,361.855033,341.855033,341.855033,TXF
2019-10-13,351.656005,351.156005,351.156005,346.656005,346.656005,346.656005,341.156005,346.656005,351.156005,351.656005,351.656005,351.656005,351.656005,351.656005,351.656005,351.656005,351.656005,351.656005,351.656005,351.656005,351.656005,351.656005,351.656005,351.156005,TXF
2019-10-14,382.345404,356.845404,351.645404,351.645404,351.645404,351.645404,351.645404,351.645404,356.845404,382.345404,461.845404,461.845404,461.845404,461.845404,461.845404,382.345404,382.345404,461.845404,461.845404,462.345404,461.845404,461.845404,461.845404,382.345404,TXF
2019-10-15,292.222526,292.222526,292.222526,292.222526,292.222526,303.222526,303.222526,362.222526,362.222526,367.222526,482.222526,455.132526,367.222526,455.132526,455.132526,455.132526,455.132526,455.132526,500.722526,482.222526,455.132526,482.222526,362.222526,303.222526,TXF
2019-10-16,252.869719,252.869719,252.869719,252.869719,252.869719,252.869719,252.869719,307.869719,482.869719,500.369719,502.369719,502.369719,500.369719,500.369719,502.369719,502.369719,482.869719,482.869719,502.369719,501.369719,500.369719,472.868719,307.869719,307.869719,TXF
2019-10-17,315.668623,315.668623,315.668623,315.668623,315.668623,315.668623,315.668623,343.782623,343.782623,343.782623,343.782623,454.668623,343.782623,348.914623,456.912623,456.912623,454.668623,343.782623,488.418623,488.418623,456.912623,348.914623,343.782623,315.668623,TXF
2019-10-18,367.37137,346.95337,346.95337,346.95337,346.95337,367.37137,367.37137,367.37137,367.37137,367.37137,367.37137,472.07537,367.37137,367.37137,463.45337,463.45337,367.37137,463.45337,463.45337,463.45337,463.45337,463.45337,367.37137,346.95337,TXF
2019-10-19,308.053688,237.642688,198.070688,198.070688,209.189688,209.189688,209.189688,308.053688,365.231688,365.231688,365.231688,365.231688,365.231688,365.231688,365.231688,365.231688,365.231688,365.231688,481.313688,455.313688,365.231688,365.231688,339.313688,217.710688,TXF
2019-10-20,252.032902,252.032902,252.032902,252.032902,234.361902,214.429902,252.032902,252.032902,252.032902,322.032902,322.032902,322.032902,322.032902,322.032902,304.323902,304.323902,252.032902,304.323902,355.722902,337.032902,336.032902,304.323902,322.032902,252.032902,TXF
2019-10-21,234.191837,214.259837,234.191837,143.950837,300.862837,331.862837,336.862837,336.862837,336.977837,336.977837,336.977837,385.552837,385.552837,385.552837,385.552837,385.552837,336.977837,336.977837,385.552837,385.552837,336.977837,336.977837,336.862837,336.862837,TXF
2019-10-22,81.709227,81.709227,81.709227,81.709227,81.709227,218.709227,236.038227,318.709227,318.709227,318.709227,318.709227,346.709227,318.709227,318.709227,346.709227,346.709227,318.709227,333.709227,346.709227,346.709227,333.709227,318.709227,524.709227,183.734227,TXF
2019-10-23,79.896659,79.896659,79.896659,79.282659,79.896659,219.895659,219.895659,219.895659,219.895659,219.895659,273.426659,273.426659,273.426659,273.426659,273.426659,273.426659,273.426659,273.426659,454.895659,354.895659,273.426659,273.426659,219.895659,219.895659,TXF
2019-10-24,145.831904,131.723904,131.723904,131.723904,203.743904,197.743904,197.743904,197.743904,197.743904,206.743904,508.743904,524.743904,242.741904,524.743904,293.743904,293.743904,293.743904,210.743904,293.743904,293.743904,214.123904,206.743904,197.743904,197.743904,TXF
2019-10-25,190.205113,203.205113,178.728113,131.185113,190.205113,190.205113,190.205113,203.205113,203.205113,214.880113,214.880113,214.880113,214.880113,214.880113,214.880113,214.880113,214.880113,214.880113,504.205113,343.205113,214.880113,214.880113,214.880113,203.205113,TXF
2019-10-26,174.733917,174.733917,129.713917,187.733917,129.713917,174.733917,174.733917,185.713917,185.713917,187.733917,198.408917,198.408917,198.408917,201.732917,201.732917,187.733917,185.713917,187.733917,198.408917,198.408917,198.408917,187.733917,185.713917,185.713917,TXF
2019-10-27,182.797543,182.797543,130.277543,130.277543,123.277543,121.773543,101.364543,130.277543,202.296543,182.797543,182.797543,182.797543,182.797543,182.797543,182.797543,182.797543,182.797543,182.797543,186.277543,186.277543,186.277543,182.797543,182.797543,182.797543,TXF
2019-10-28,76.74892,76.74892,76.74892,76.74892,76.74892,130.34192,164.42892,176.86192,176.86192,176.86192,203.86192,203.86192,203.86192,203.86192,203.86192,203.86192,203.86192,203.86192,203.86192,203.86192,203.86192,176.86192,176.86192,176.86192,TXF
2019-10-29,76.652845,76.652845,76.652845,76.652845,76.652845,122.264845,122.264845,137.245845,179.559845,223.765845,223.765845,223.765845,223.765845,223.765845,223.765845,223.765845,223.765845,223.765845,302.265845,373.265845,223.765845,223.765845,163.265845,122.264845,TXF
2019-10-30,136.846981,136.846981,122.846981,122.846981,164.366981,164.366981,164.366981,164.366981,200.866981,200.866981,200.866981,200.866981,200.866981,200.866981,200.866981,200.866981,200.866981,200.866981,231.866981,231.866981,200.866981,200.866981,179.160981,164.366981,TXF
2019-10-31,156.337175,156.337175,156.337175,156.337175,156.337175,156.337175,156.337175,156.337175,178.337175,178.337175,202.337175,202.337175,202.337175,202.337175,202.337175,202.337175,202.337175,178.337175,202.337175,202.337175,202.337175,178.337175,156.337175,156.337175,TXF
2019-11-01,151.518225,151.518225,151.518225,151.518225,151.518225,151.518225,166.518225,201.518225,201.518225,201.518225,211.518225,211.518225,256.518225,211.518225,237.518225,211.518225,211.518225,211.518225,237.518225,211.518225,211.518225,201.518225,201.518225,201.518225,TX3
2019-11-02,156.579542,154.579542,154.579542,156.579542,156.579542,156.579542,156.579542,171.579542,185.579542,185.579542,185.579542,204.579542,185.579542,185.579542,185.579542,185.579542,185.579542,185.579542,211.579542,211.579542,204.579542,185.579542,185.579542,171.579542,TX3
2019-11-03,213.356284,186.334284,186.334284,186.334284,186.334284,186.334284,186.334284,186.334284,186.334284,188.334284,188.334284,188.334284,188.334284,188.334284,188.334284,188.334284,188.334284,188.334284,205.334284,205.334284,205.334284,204.334284,188.334284,188.334284,TX3
2019-11-04,201.361124,201.361124,201.361124,201.361124,201.361124,201.361124,201.361124,201.361124,201.361124,201.361124,204.361124,204.361124,211.361124,212.361124,204.361124,204.361124,201.361124,204.361124,212.361124,212.361124,211.361124,211.361124,201.361124,201.361124,TX3
2019-11-05,168.990012,136.970012,128.990012,128.990012,168.990012,176.990012,168.990012,176.990012,216.990012,222.990012,222.990012,222.990012,222.990012,222.990012,222.990012,222.990012,222.990012,222.990012,241.990012,241.990012,226.990012,222.990012,222.990012,176.990012,TX3
2019-11-06,226.749567,226.749567,226.749567,226.749567,226.749567,226.749567,226.749567,235.749567,241.749567,256.749567,281.749567,281.749567,281.749567,281.749567,281.749567,281.749567,281.749567,281.749567,281.749567,281.749567,281.749567,256.749567,235.749567,235.749567,TX3
2019-11-07,203.10551,203.10551,203.10551,203.10551,203.10551,243.10551,243.10551,243.10551,244.10551,287.10551,289.10551,299.10551,289.10551,299.10551,299.10551,327.10551,289.10551,287.10551,298.10551,289.10551,287.10551,244.10551,243.10551,243.10551,TX3
2019-11-08,251.724759,251.724759,251.724759,251.724759,251.724759,251.724759,251.724759,266.724759,276.724759,276.724759,286.724759,286.724759,286.724759,286.724759,298.724759,346.724759,286.724759,286.724759,298.724759,286.724759,286.724759,276.724759,276.724759,266.724759,TX3
2019-11-09,247.369259,247.369259,247.369259,247.369259,247.369259,247.369259,247.369259,261.869259,274.369259,274.369259,274.369259,274.369259,274.369259,274.369259,274.369259,274.369259,274.369259,274.369259,298.869259,298.869259,274.369259,274.369259,261.869259,252.869259,TX3
2019-11-10,276.594969,276.594969,276.594969,276.594969,276.594969,276.594969,260.794969,276.594969,276.594969,296.294969,298.294969,303.294969,303.294969,303.294969,303.294969,303.294969,298.294969,298.294969,306.294969,306.294969,306.294969,303.294969,296.294969,296.294969,TX3
2019-11-11,290.810249,290.810249,290.810249,290.810249,290.810249,290.810249,290.810249,290.810249,296.310249,296.310249,296.310249,296.310249,296.310249,296.310249,296.310249,296.310249,296.310249,296.310249,302.310249,302.310249,302.310249,296.310249,296.310249,296.310249,TX3
2019-11-12,296.466984,296.466984,292.966984,292.966984,292.966984,296.466984,303.466984,303.466984,309.766984,309.766984,314.966984,314.966984,309.766984,314.966984,314.966984,314.966984,314.966984,314.966984,315.966984,315.966984,314.966984,314.966984,309.766984,303.466984,TX3
2019-11-13,83.496702,83.496702,83.496702,83.496702,83.496702,138.476702,129.476702,83.496702,302.996702,302.996702,333.496702,333.496702,333.496702,333.496702,333.496702,333.496702,302.996702,333.496702,333.496702,333.496702,333.496702,328.496702,302.996702,83.496702,TX3
2019-11-14,197.034381,195.418381,195.418381,195.418381,195.418381,207.418381,207.418381,207.418381,246.418381,295.118381,295.118381,295.118381,295.118381,295.118381,295.118381,295.118381,295.118381,295.118381,295.918381,295.918381,295.918381,295.118381,267.249381,207.418381,TX3
2019-11-15,157.075621,157.075621,157.075621,157.075621,157.075621,157.075621,157.075621,160.075621,207.775621,207.775621,207.775621,207.775621,207.775621,207.775621,207.775621,207.775621,207.775621,207.775621,208.075621,208.075621,207.775621,207.775621,207.775621,157.075621,TX3
2019-11-16,137.508504,137.508504,137.508504,137.508504,137.508504,137.508504,137.508504,157.508504,166.508504,177.208504,177.208504,177.208504,177.208504,177.208504,177.208504,177.208504,166.508504,177.208504,177.208504,177.208504,177.208504,177.208504,157.508504,137.508504,TX3
2019-11-17,162.457812,162.457812,136.437812,136.437812,162.457812,136.437812,121.457812,162.457812,177.157812,177.157812,177.157812,177.157812,186.457812,186.457812,177.157812,177.157812,177.157812,177.157812,197.457812,197.457812,197.457812,197.457812,186.457812,177.157812,TX3
2019-11-18,163.576121,163.576121,136.576121,136.576121,163.576121,189.576121,189.576121,191.876121,191.876121,191.876121,221.576121,221.576121,221.576121,221.576121,221.576121,221.576121,221.576121,223.576121,221.576121,221.576121,221.576121,191.876121,189.576121,189.576121,TX3
2019-11-19,166.644983,166.644983,154.644983,154.644983,166.644983,166.644983,166.644983,221.344983,221.344983,221.344983,266.644983,306.644983,266.644983,221.344983,266.644983,306.644983,266.644983,266.644983,306.644983,306.644983,306.644983,221.344983,221.344983,196.644983,TX3
2019-11-20,173.510071,173.510071,173.510071,158.510071,173.510071,204.510071,204.510071,231.510071,231.510071,265.510071,265.510071,265.510071,265.510071,265.510071,265.510071,265.510071,265.510071,265.510071,265.510071,265.510071,265.510071,246.510071,231.510071,204.510071,TX3
2019-11-21,205.584584,192.851584,123.095584,123.095584,123.095584,192.851584,205.584584,192.851584,257.698584,257.698584,257.698584,266.584584,266.584584,266.584584,266.584584,257.698584,257.698584,257.698584,266.584584,266.584584,257.698584,257.698584,230.584584,205.584584,TX3
2019-11-22,138.20054,138.20054,137.18054,137.18054,138.20054,138.20054,197.19954,247.20054,296.31454,317.20054,317.20054,317.20054,317.20054,317.20054,317.20054,296.31454,296.31454,296.31454,317.20054,322.20054,296.31454,296.31454,247.20054,197.19954,TX3
2019-11-23,194.703428,194.703428,187.466428,187.466428,187.466428,187.466428,191.733428,196.466428,196.466428,246.466428,261.466428,311.580428,311.580428,261.466428,261.466428,246.466428,246.466428,246.466428,311.580428,311.580428,311.580428,261.466428,196.466428,196.466428,TX3
2019-11-24,194.432486,194.432486,194.432486,194.432486,194.432486,191.699486,181.432486,181.432486,194.432486,201.432486,201.432486,201.432486,201.432486,201.432486,201.432486,201.432486,201.432486,201.432486,261.432486,261.432486,261.432486,201.432486,201.432486,201.432486,TX3
2019-11-25,196.238896,196.238896,194.575896,176.338896,194.575896,196.328896,216.337896,221.338896,221.338896,221.338896,257.452896,257.452896,257.452896,257.452896,257.452896,257.452896,257.452896,257.452896,316.338896,257.452896,257.452896,257.452896,221.338896,221.338896,TX3
2019-11-26,167.594717,167.594717,167.594717,167.594717,191.861717,194.831717,211.593717,211.593717,223.594717,223.594717,223.594717,223.594717,223.594717,223.594717,246.594717,223.594717,223.594717,223.594717,223.594717,223.594717,223.594717,223.594717,211.593717,191.861717,TX3
2019-11-27,197.386363,197.386363,197.386363,197.386363,197.386363,197.386363,207.385363,213.500363,213.500363,213.500363,237.386363,247.386363,327.386363,247.386363,308.386363,308.386363,247.386363,237.386363,327.386363,308.386363,308.386363,237.386363,213.500363,213.500363,TX3
2019-11-28,209.386677,209.386677,161.386677,161.386677,161.386677,209.386677,209.386677,238.386677,288.386677,288.386677,288.386677,288.386677,288.386677,288.386677,288.386677,288.386677,288.386677,288.386677,328.386677,288.386677,288.386677,288.386677,238.386677,228.386677,TX3
2019-11-29,247.360271,247.360271,225.359271,225.359271,252.360271,247.360271,252.360271,247.360271,247.360271,252.360271,266.360271,324.360271,324.360271,324.360271,324.360271,324.360271,247.360271,252.360271,324.360271,324.360271,252.360271,247.360271,247.360271,247.360271,TX3
2019-11-30,227.686679,223.586679,220.686679,223.586679,223.586679,223.586679,223.586679,227.686679,227.686679,242.685679,242.685679,328.186679,328.186679,242.685679,227.686679,227.686679,227.686679,227.686679,328.186679,328.186679,328.186679,242.685679,227.686679,227.686679,TX3
2019-12-01,199.794419,199.794419,199.794419,199.794419,199.794419,199.794419,196.794419,196.794419,199.794419,199.794419,199.794419,199.794419,212.794419,212.794419,212.794419,199.794419,199.794419,199.794419,319.794419,319.794419,319.794419,214.793419,212.794419,199.794419,TXF
2019-12-02,196.587593,196.587593,196.587593,180.298593,196.587593,196.587593,196.587593,300.587593,299.587593,299.587593,300.587593,320.587593,319.587593,319.587593,320.587593,320.587593,300.587593,299.587593,320.587593,320.587593,319.587593,299.587593,299.587593,196.587593,TXF
2019-12-03,214.452859,214.452859,214.452859,202.453859,214.452859,224.453859,224.453859,289.453859,305.453859,305.453859,305.453859,305.453859,305.453859,305.453859,305.453859,305.453859,305.453859,305.453859,306.453859,306.453859,305.453859,305.453859,224.453859,224.453859,TXF
2019-12-04,229.344554,229.344554,220.344554,220.344554,229.344554,229.344554,229.344554,229.344554,229.344554,305.844554,305.844554,329.344554,305.844554,305.844554,319.344554,319.344554,319.344554,288.344554,305.844554,319.344554,319.344554,229.344554,229.344554,229.344554,TXF
2019-12-05,72.582376,130.562376,116.093376,72.582376,72.582376,185.450376,180.793376,230.082376,235.582376,235.582376,235.582376,290.582376,290.582376,290.582376,299.582376,299.582376,290.582376,235.582376,309.582376,309.582376,290.582376,235.582376,235.582376,230.082376,TXF
2019-12-06,224.714405,217.714405,217.714405,217.714405,217.714405,224.714405,217.714405,219.714405,235.714405,235.714405,299.714405,308.714405,299.714405,299.714405,308.714405,308.714405,299.714405,299.714405,308.714405,308.714405,235.714405,235.714405,224.714405,217.714405,TXF
2019-12-07,236.27642,230.27642,230.27642,230.27642,230.27642,230.27642,230.27642,236.27642,236.27642,290.77642,290.77642,290.77642,290.77642,290.77642,290.77642,290.77642,262.49042,290.77642,290.77642,290.77642,289.27642,236.27642,236.27642,230.27642,TXF
2019-12-08,242.807111,242.807111,242.807111,242.807111,242.807111,242.807111,274.807111,242.807111,242.807111,274.807111,274.807111,274.807111,274.807111,274.807111,274.807111,274.807111,274.807111,274.807111,290.307111,290.307111,290.307111,290.307111,274.807111,274.807111,TXF
2019-12-09,292.52243,279.52243,279.52243,279.52243,279.52243,292.52243,292.52243,297.12243,297.12243,297.12243,315.02243,320.02243,320.02243,315.02243,315.02243,320.02243,320.02243,315.02243,344.52243,344.52243,320.02243,297.12243,297.12243,292.52243,TXF
2019-12-10,293.412411,290.412411,290.412411,290.412411,290.412411,293.412411,293.412411,317.412411,344.412411,344.412411,354.912411,359.912411,354.912411,359.912411,359.912411,359.912411,354.912411,359.912411,369.412411,369.412411,359.912411,344.412411,317.412411,317.412411,TXF
2019-12-11,339.498413,338.498413,321.498413,321.498413,321.498413,338.498413,339.498413,343.998413,343.998413,343.998413,343.998413,394.498413,343.998413,394.498413,394.498413,394.498413,394.498413,389.498413,394.498413,394.498413,389.498413,343.998413,343.998413,339.498413,TXF
2019-12-12,339.135123,338.645123,338.645123,338.645123,339.135123,339.135123,339.135123,340.248123,340.248123,340.248123,340.248123,368.145123,368.145123,368.145123,394.145123,368.145123,394.145123,394.145123,394.645123,394.145123,394.145123,368.145123,340.248123,340.248123,TXF
2019-12-13,368.647747,368.647747,368.647747,368.647747,368.647747,368.647747,368.647747,368.647747,389.147747,393.147747,394.147747,394.147747,394.147747,394.147747,394.147747,394.147747,393.147747,393.147747,394.147747,394.147747,394.147747,389.147747,368.647747,368.647747,TXF
2019-12-14,344.556772,344.556772,344.556772,344.556772,344.556772,344.556772,344.556772,349.556772,395.056772,389.556772,389.556772,395.056772,395.056772,389.556772,389.556772,389.556772,389.556772,389.556772,396.756772,396.756772,395.056772,389.556772,359.556772,349.556772,TXF
2019-12-15,346.485947,346.485947,272.703947,346.485947,272.703947,314.523947,249.485947,249.485947,346.485947,346.485947,361.485947,361.485947,389.485947,361.485947,361.485947,361.485947,361.485947,361.485947,394.485947,394.485947,394.485947,394.485947,389.485947,361.485947,TXF
2019-12-16,347.768118,334.656118,199.656118,199.656118,199.656118,334.656118,347.768118,347.768118,347.768118,390.656118,393.656118,393.656118,393.656118,393.656118,394.656118,394.656118,394.656118,393.656118,395.156118,395.156118,394.656118,394.656118,394.656118,347.768118,TXF
2019-12-17,197.530869,197.530869,197.530869,197.530869,197.530869,197.530869,197.530869,312.530869,317.120869,317.530869,397.030869,393.530869,393.530869,317.530869,393.530869,397.030869,317.530869,317.120869,397.030869,393.530869,393.530869,317.120869,312.530869,312.530869,TXF
2019-12-18,250.098974,250.098974,186.098974,186.098974,250.098974,273.316974,300.088974,300.108974,320.201974,320.201974,320.201974,395.098974,395.098974,392.098974,392.098974,320.201974,320.201974,320.201974,395.098974,395.098974,320.201974,320.201974,317.098974,300.108974,TXF
2019-12-19,309.549532,309.549532,309.549532,284.549532,309.549532,309.549532,309.549532,316.549532,400.549532,400.549532,401.549532,403.549532,403.549532,403.549532,403.549532,403.549532,401.549532,400.549532,403.549532,403.549532,401.549532,401.549532,400.549532,316.549532,TXF
2019-12-20,301.031251,305.031251,220.031251,220.031251,276.319251,301.031251,301.031251,305.031251,309.091251,320.031251,325.031251,370.031251,370.031251,370.031251,418.031251,325.031251,325.031251,320.031251,370.031251,370.031251,325.031251,320.031251,309.091251,306.031251,TXF
2019-12-21,308.263465,308.263465,300.263465,300.263465,300.263465,300.263465,300.263465,308.263465,311.263465,311.263465,359.263465,359.263465,359.263465,359.263465,359.263465,359.263465,311.263465,311.263465,399.263465,399.263465,399.263465,399.263465,359.263465,311.263465,TXF
2019-12-22,339.179816,339.179816,339.179816,307.999816,307.999816,307.999816,307.999816,307.999816,339.179816,339.179816,339.179816,339.179816,339.179816,339.179816,339.179816,339.179816,339.179816,339.179816,359.179816,399.179816,359.179816,359.179816,354.179816,339.179816,TXF
2019-12-23,290.039308,290.039308,273.257308,236.039308,290.039308,290.039308,290.039308,307.039308,309.159308,356.039308,460.039308,390.039308,390.039308,390.039308,390.039308,390.039308,390.039308,309.159308,460.039308,460.039308,460.039308,390.039308,309.159308,315.039308,TXF
2019-12-24,301.226092,233.226092,233.226092,233.226092,243.226092,243.226092,243.226092,289.226092,310.346092,351.226092,351.226092,351.226092,351.226092,351.226092,310.346092,310.346092,310.346092,289.226092,441.226092,471.226092,361.226092,310.346092,310.346092,301.226092,TXF
2019-12-25,319.43648,299.43648,276.67048,276.67048,179.64748,179.64748,178.43648,178.43648,204.43648,204.43648,276.67048,319.43648,319.43648,319.43648,319.43648,319.43648,319.43648,259.43648,329.43648,329.43648,329.43648,319.43648,299.43648,259.43648,TXF
2019-12-26,245.448399,235.448399,235.448399,235.448399,235.448399,245.448399,245.448399,250.448399,308.888399,355.448399,379.448399,410.448399,395.448399,379.448399,395.448399,379.448399,379.448399,355.448399,410.448399,410.448399,379.448399,379.448399,308.888399,323.479399,TXF
2019-12-27,249.839047,249.839047,249.839047,249.839047,249.839047,249.839047,249.839047,249.839047,300.839047,379.839047,401.839047,470.839047,379.839047,379.839047,379.839047,379.839047,379.839047,323.739047,410.839047,410.839047,379.839047,379.839047,308.842047,300.839047,TXF
2019-12-28,229.51271,229.51271,229.51271,229.51271,229.51271,229.51271,229.51271,229.51271,229.51271,315.01271,315.01271,315.01271,315.01271,315.01271,315.01271,315.01271,315.01271,315.01271,315.01271,315.01271,315.01271,315.01271,315.01271,229.51271,TXF
2019-12-29,249.389188,249.389188,199.389188,199.389188,199.389188,199.389188,199.389188,199.389188,249.389188,249.389188,249.389188,249.389188,249.389188,249.389188,249.389188,249.389188,249.389188,249.389188,250.389188,476.389188,250.389188,250.389188,249.389188,249.389188,TXF
2019-12-30,249.392716,249.392716,249.392716,249.392716,249.392716,249.392716,249.392716,249.392716,250.392716,259.892716,339.392716,339.392716,476.392716,476.392716,476.392716,339.392716,339.392716,339.392716,476.392716,476.392716,339.392716,339.392716,259.892716,250.392716,TXF
2019-12-31,269.163414,269.163414,269.163414,269.163414,269.163414,269.163414,248.162414,269.163414,269.163414,269.163414,269.163414,269.163414,269.163414,269.163414,269.163414,269.163414,269.163414,269.163414,349.163414,349.163414,269.163414,269.163414,269.163414,269.163414,TXF
